text_id,text,PhyID,platform
3103437,"My mother in law was diagnosed with colon cancer today. We were of course shocked and afraid, and spoke with her GI doctor, asking to speak with him immediately.  He asked us to come in, which we did, and he referred us to Dr. Martinez, who saw us as soon as we got to his office, 20 minutes later. He spent 30 minutes explaining everything,  and was very professional.  He completed a colonoscopy, was gentle and talked her through the whole thing.",100711211,Vitals
3606054,I am very satisfied.,100823913,Vitals
3483408,"I needed an ENT and since i dont require a primary see a specialist i was not referred to one. I have had Sinus problems since i can remember and i knew exactly what specialist i needed. I did a search for Ent's in the area and read all the reviews as most people would. Then I came about Dr. Shemen, Although some of his reviews were not the best... i did more research on him being i had seen him on ""the best"" list in the New York magazine. He has several articles out about my condition and he is also affiliated with some of the best hospitals in new york. He also has a web site that i found very informative and realized he had the most experience out of all the doctors I had done a search on. To make along story short, I made an appointment that i needed not wait to long for, when i went to the office the staff was very kind and my wait was about 15min (what office do you ever go to and dont have to wait, for those who complain) He was well worth the wait as he took his time with me and gave me several options to treat my chronic sinusitis. I have called the office since for refills and questions, and they are always helpful in anything i have needed. I truly recommend him. I have felt much better since i saw him and will keep him as my ENT doctor for as long as i need one.FYI: Do your search before you go simply by what other have to say.",100797376,Vitals
2349846,"I came into Winthrop Emergency Room after a fall that fractured my hip. Dr Barzideh met with me pre surgery. He came across as honest and direct in what the surgery would involve and what to expect post surgery including the varying timelines for rehabilitation. His manner was refreshing, authoritative an reassuring. His care and skill are apparent from the precision of his incisions and his follow-up",100538536,Vitals
2991163,"The staff at PSW work cohesively to provide a seamless experience for patients whether it's your first visit or your 50th. The overwhelming hospitality pre and post surgery is exceptional. Dr. Pisarenko's natural aesthetic is incomparable. For a client, like myself, who has enhanced features through reconstruction I can attest that Dr. Pisarenko is a visionary! I commute from the city to the Westchester office because it is just worth the distance! Thank you to all of the staff at PSW! Your work is thoroughly recognized!",100685460,Yelp
2783355,"My over all experience was great!! I when in kind of nervous not really knowing what to to expect, I'm 31 and back surgery was not in my plans. I have a lot going on in my MRI that was pretty much gibberish to me. Dr St Clair and his team took the time and explained everything to my wife and I.  They broke it down to make since to us going through image after images showing what's causing what and how we're going to fix it.  Then after that Dr. St Clair went over what the surgery will be and how the recovery should go!!! I'll let you guys know after surgery I'm holding off till August. Getting my stuff in order to be off for a couple months!!",100635182,HG
1570028,"I would not recommend Dr. Memon. I am bipolar with numerous other chronic conditions, and he did not ask for my records to be tranferred, just relied on what I told him. Waited 3 months to get initial appointment, which cost $375, and it only lasted 20 minutes of the 30 minutes I should have had.  Now I am waiting 4 months for next appointment. He was unavailable to change medication any earlier. Once I get correct rx, I will not go back to him. He seemed uncaring and uninterested in my problems.",100362053,Vitals
2138802,This was my first time seeing Dr. Antonetti due to my doctor's retirement.  I was very satisfied and would definitely recommend her to other women.,100487703,Vitals
4564855,Dr. Mehta is very professional and caring.  I would recommend him!,101046516,HG
3168966,"My family and I have been going to Dr. Pfaff for many years. I wasn't feeling well & called twice and left a message. I then called when they were open and spoke to the receptionist Marie. I told her who I was and she responded (in a nasty tone) ""You know you don't have to call three times."" She then said,""Well we can't fit you in anyway."" Her demeanor and bedside manner was unlike anything I've experienced. I told her that and she hung up on me. Very rude, especially when you don't feel well.",100725330,Vitals
1396815,"I came in with back pain and urinating blood. She sent me for an MRI, which I was scheduled same day. However, I was the one that had to call them and beg that they get me in because of the amount of pain I was in. She gave me a shot of Tordol and 600mg of ibuprofen, which gave some relief. All though very minimal I was in that much pain that anything would ease me a little. I was still in pain, probably 8 out of 10 and being modest. She explained that L-5 had been compressed and was pinching a nerve which was causing so much pain. I was referred to a neurosurgeon 4 weeks out!! I asked for something for pain. I had to ask because she was leaving without even offering anything. She said she didn't believe in pain meds stronger than ibuprofen 600mg and no reason for that not to suffice. I went to specialist after 4 weeks of pure misery. My specialist was at a loss for words. He immediately prescribed meds and scheduled surgery. If you have hurt yourself and in pain DO NOT GO TO THIS DR!!",100317925,HG
4930959,"Dr. Skalyni is truly the reason why i enjoyed pregnancy and labor/delivery so much. All my life I&#39;ve heard horror stories of women delivering babies and never have I thought I would actually enjoy my own pregnancy. Her presence during my labor put me at ease and gave me confidence in myself. She is genuine, straightforward, and very knowledgeable. She delivers all her babies and knows how to make the experience especially unique for you and your husband. <br><br>Last but not least, the girls at the office, Claudia and Angela, are amazing. Every time I visit they always make me feel like I&#39;ve known them all my life. They are super efficient when it comes to communicating, insurance and any general questions.",101127208,Yelp
1825008,Dr. Beck is meticulous with hos technique in injectables and body contouring. My 'tummy tuck' turned put better than I could have imagined.,100417653,Vitals
4677636,"She kept recommending unnecessary procedures. My intuition and understanding of my health indicated  her solution is not right; after consulting with other doctors proved that was unnecessary too. She is too busy and started to spend less time for each patient, and the scheduling/clinic organization is getting very messed up. I could wait for 1 hour with her only showing for 10 minutes or even no showing up.",101068228,HG
2056045,"Modern new office that has an esthetician on site. I like getting my facials done at these places because they use higher quality products.The person that did my facial was Julie...she did such a great job, really took her time and was very knowledgeable on skin care. I am definitely coming back! I made an appointment with the dermatologist in Nov for my eczema..will let you guys know how that goes.",100470836,Yelp
2501833,"Dr. Castañeda is by far the BEST Orthopedic Surgeon in the state. I'm a complicated case and she also has to fix what another OS messed up. In addition to her being a genius surgeon, she also has an incredible bedside manner. She really takes the time to understand  your case and will talk things through with you. She won't jump into a surgery unless it's absolutely necessary. I wouldn't go to anyone else.",100572544,HG
3873814,Been a patient for over 10 years.  Stays with me on a medicine change and works with me.  Office staff is excellent and if you need to see him in a crisis will get you in.  Dr. Forsythe is very intelligent and is good on over options with you.  Highly recommend.,100885757,HG
1998834,"Staff treats you like a third class citizen and bashes each other to clients.Nursing staff makes many promises and when they can't fulfill them blames them on patient.When you trust your and your child's health on someone you usually hope they will follow through.Using this provider was one of the biggest mistake I could have made for my health.All wait times averaged over an hour, and provider is not available for questions past your appointment from my experience.",100459145,RateMD
371307,"If you have a special needs child, do not see this physician!!  The amount of time spent on my child was about 7 minutes and he turned out to have pneumonia! After calllng for a follow up visit the office sent us to the ER because authorization for an antibiotic shot would take "" too long"".   Never in my life been so disgusted with health care!",100082043,HG
3874385,"I have been a pt since 2016, at first I was happy with Dr Lerner, but after about a year they quit e-scripts, because, according  to them, Medicare wouldn't let them  send scripts by fax anymore, so you had to come pick up your Rx. For which they charged a ""short office visit"" did not see anyone except office personnel,  no doc no nurse practitioner....or, for a small fee they would fax your Rx. Started out at $40, later they charged a one-time fee for 6 months, but since you had to have an appt every other month, still too much, especially since they said they weren't allowed by Medicare to do it at all. Then I had to change a couple of appts, I did call to change them and ask about my balance and how much I needed to pay to be seen again, and someone was supposed to call me back,no one ever called back, and I call today and I have been ""discharged from the practice "" for missing appointments. I feel like they do not care about me or my pain, only about the money they can get.",100885833,HG
235083,"Not going back. Not helpful in explaining things. Difficult to reach, Glad I saw another doctor.",100049736,HG
3552757,"Been with this office for 20+ years. Besides misdiagnosing, Dr Shah and his staff take several days to get back to you when dealing with serious health issues. And at times, never to return your messages. Ever since Dr. Edmunds retired, this office, doctors and staff has not been the same. Staff is rude, unprofessional. Sadly our family will never return.",100812364,Vitals
2908812,"I've been going to Kenton since my primary physician retired a few years ago.  He's always personable and polite. Whenever I have questions he is more than willing to answer my questions.  He's always willing to explain the ""why"" of the treatment as well. I honestly have no complaints.  I'm a huge fan of constructive criticism - but I have none for Kenton.  He's the ideal doctor.",100667094,HG
3234016,"Dr. Patel is one of the most compassionate and caring Dr.'s I have visited in a very long time. That means a tremendous amount to me that my Doctor wants the very best health care for me! The amazing thing is he showed the very same hospitality, compassion and care for each of his patients as they walked in. I could really feel and see God's love in action through him and his excellent staff! Thank God for you Dr. Patel and your amazing staff!",100740181,HG
926521,Dr. Casey is just awesome!!! Her knowledge and care for her patients and their parents is bar none. She's easy to reach and easy to talk to. Her staff is just as knowledgeable and pleasant as she! What a wonderful experience everytime I visit. Great Dr.-great staff!!!,100212028,Vitals
3887307,"Dr. Ghassemi was excellent! Went in for wisdom teeth removal (had all 4 extracted) he went over the procedure in depth, answered all of my questions and made me feel comfortable before the procedure. The staff was also very kind! Can't remember all of their names but they were all so nice and made me feel welcomed. Nora in the front office is super sweet and helpful. Will recommend to everyone I know!",100888527,Yelp
2965041,For years I've been on ambien and she was successfully able to wean me off it and helped me find alternative ways to sleep. She's helped me through some really dark times. Even after hours she was there for me.,100680396,Vitals
3730238,"Dr Mannas is the best neurosurgeon in Lubbock, TX!!! He is excellent in his skills as a surgeon and will spend the time to explain in details to his patients their condition and how he is going to do the surgery to help them with their problem. I just learned that the nurses called him ""the doctor with magic hands"" because he heals the patients!",100851144,Vitals
1978407,Dr Sonnanstine truly cares about your care.  He is kind and respectful.  He never rushes and makes sure he answers all your questions.  He is a genuinely kind person and wonderful surgeon.  I had Gastric Sleeve Surgery with ZERO issues.  I am so glad I had Dr. Sonnanstine as my surgeon.,100454285,Vitals
2031424,Been using Dr. B for 30 years and he is the ultimate professional while at the same time having a great sense of humor.  Just to give you a flavor of how I feel about Dr. B I moved to FL over a year ago and still go to him for my required quarterly check ups!,100466825,HG
3630352,Dr. Krivinko diagnosed and helped me get through s scarey condition.  I am grateful to him for his abilities as a doctor and his level of true empathy for me as a patient.  I highly recommend him.,100828087,Vitals
4556283,feel much better.,101045404,HG
2063824,"I have recommended a lot of people to her. She is very thorough, she found my parathyroid and explained it to me so I wouldn't be afraid. She takes as much time as I need!!! She is the best doctor I ever had. My surgeon at Cleveland clinic gave her a Hugh compliment. He was impressed she did all the correct tests! I feel in great hands! One of the best around here, I have a lot to compare from. It's my health and my responsibility.",100473599,HG
965071,Dr Sanchez-Fortis and staff were very professional and helpful. Doctor answered all my questions and took the time to explain everything to me and my family.,100222333,HG
2026858,"I'm a service connected disabled veteran.  Ever since this doctor has been my care provider, my medical care is the worst I've ever received.",100465792,Vitals
4066860,"Don&#39;t even think about using this office. Had a family member use this office. The staff is rude and uncaring. Wonder if the Dr is aware of how her office is being run. Just pray you don&#39;t have a problem, because if you do, you don&#39;t get answer response.",100933822,Yelp
4654022,Dr. Swengros was a great doctor 5 years ago but now he is a robot.   Want's to pawn off my concerns to other physicians that I am currently seeing. He main nurse is rude and unfriendly.  I am currently looking for another non - Watson Clinic doctor.,101064060,HG
1331997,I've been a patient for over 10 yrs I'd highly recommend him.,100302581,Vitals
3744912,I love Dr Gohill!! She is like a walking medical dictionary and google search all in one!  She always listens and takes everything I say seriously.  I highly recommend her!!,100856771,HG
4545884,"This was my first visit to Dr. Bement and she was excellent!  She was caring and spent time with me.  I felt like she really cared about me and the issues I am having.  I also liked the way she repeated everything back that we had talked about in the appointment and our plan of action right before I left to make sure we were both on the same page.  She is classy, professional and very knowledgeable.  I think I have found my primary care physician for as long as I live in this area.",101040701,Vitals
3693257,I had a great experience with Dr Heyrani last week when I saw him regarding trouble I&#39;ve been having with my wrist. He took the time to examine and discuss the problem I&#39;ve been having. I left with a treatment plan and I&#39;m on my way to healing. He&#39;s treated my friends kids as well and is awesome with them. I will be returning to his office again anytime my kids have any orthopedic needs in the future. I highly recommend this doctor!,100842641,Yelp
3807236,I appreciate the time and skill Dr. Hirata gives to me-a 72 year old woman. She answers questions and is never patronizing.She is one of the best I have ever seen.,100870906,RateMD
303555,Always efficient and the care is amazing! I feel very well cared for by my doctor.,100064677,HG
3461218,"I had Dr. Clifford performed bilateral makoplasty (partial knee replacement using a robot),  This doctor is the absolutely the best.  I got my life back and am thankful for Dr. Clifford every day.  
You will not find a better orthopaedic surgeon.",100793786,Vitals
4563712,"My wife and I have been Patients and treated like family by Dr Patel for 2 years. We have never experienced care as we do with Dr Patel. He takes the time to get to know you. His treatment is for long term health not just a prescription. Dr Patel and his staff are a special group of People.
Nick and Melissa S.",101046248,HG
4107380,"Dr.Ticoras is extremely compassionate and has strong customer service orientation skills.  An example from my last appointment is that after I had waited in the reception room and the exam room a total of  not more that 10 minutes or less, he apologized for my wait. I am satisfied with much more than that, even up to 10 minutes in each - reception room and exam room.   He indicated that my time was as important as his time, which is a very refreshing attitude for a medical provider.",100939953,HG
2126391,"Great dr, great care and great staff, recommend highly.",100485014,Vitals
4061544,"Well  I'am disappointed, I have referred her to all my family, they all love her, but tried to make an appointment today and they say since I no showed 4 years ago they don't want me to come there. She had helped my wife and I out through the passing of our sons. Oh well gonna stop the referrals.",100932889,HG
4048625,My legs look and feel so much better!,100927737,Vitals
578318,Dr Rollins has been my PCP since October 2018 and he explains everything to me.  Very courteous and professional.,100132279,HG
1353310,"Best GYN doctor in Fayetteville NC. Very caring, listens to all concerns and treats each one. Even if a second opinion is needed will send you in the right direction. You definitely deserve more than 5 🌟's, you deserve10 🌟's!!!",100310054,Vitals
4337475,"He is careful, thorough, and really tries to work with who you are and your needs. He puts you at ease with his quiet presence. Good listener.",100994825,Vitals
4189884,"We had a WONDERFUL experience with Dr. Larsen.  He was compassionate and most importantly, fixed my severe sinus problem. He answered all of my questions and made sure his office staff took good care of us.  We returned to have our kids tonsil surgery done by Dr. Larsen and had the same wonderful care.",100959831,Vitals
4071924,Excellent as always .,100934678,HG
1560937,"My mother recently had knee replacement surgery with this practice. The staff was wonderful from start to finish. Very accommodating and compassionate. She continues to have physical therapy with the practice, continuing to have the best experience in a bad situation. I wouldn&#39;t hesitate to use this practice for any orthopedic issue. They have my highest recommendation.",100357890,Yelp
144683,Dr B Took much time with us. He was clearly very concerned with our wellbeing.  Answered all our questions very clearly. He was knowledgeable in his field and gave very good advice.,100029335,HG
1054528,"Dr. Weaver has no bedside manner other than to be rude a condescending to her patients. Her staff is clearly overworked as you are rushed in and rushed out and, if you don't answer their questions quick enough they get exhasperated with you and move on to the next question without allowing you the dignity of time to respond. She should definitely not be accepting new patience as her caseload is more than she can handle already.  She and her staff were completely rude to me.",100240686,HG
2438657,"My surgeon referred me to Dr Azis due to a somewhat serious infection that needed prompt attention.  Dr. Azis has been wonderful - very conscientious and extremely caring, for which I am grateful.",100557884,HG
4950668,Do yourself a favor and take your business elsewhere.  I called for a same day appointment as I was having a very concerning issue.  The earliest I could be seen was two days later.  The office suggested I see my PCP or go to the ER.  Luckily I did get in to see my PCP.  When I called the next morning to cancel my appointment (still 24 hours away) I was charged a $50 cancellation fee!!!,101134007,HG
2672268,"I was a patient of Dr. Davis!  On my first visit , I was scared by her dogs. I told her I had cancer and she said, I don't.  I have MPN. I experienced a vaginal prolapse, and gotten a spot on my labia. I was given choices as to handle the prolapse and told, I needed a biopsy. She could have don it. But, said it required another appointment.  She handed me a mirror, while standing butt naked, and asked me to show her, what I had seen. Then her staff while paying was EXTREMELY rude.",100610007,HG
4054924,"I have been a patient of Dr. Norman Lavin&#39;s for about 10 years now. He literally saved my life!!! I have a very rare disease that was causing my health and function to seriously deteriorate over a span of about 2 years, and NO other doctors were able to figure out why--for almost 2 years, I had numerous hospital stays and even a long, horrible nursing home stay before I was referred to Dr. Lavin. He never gave up on me! He knew which scans, labs, etc. to order for me, and now I am finally being treated for the disease almost 10 years and have as much of my life back as I can. (There is no cure for the disease, but at least the treatment is helping me live my life.) I am sad to see all the negative reviews here on Yelp. I have NOT had most the experiences described here--I usually have wait times of maybe up to 10 minutes, just like I do at most my other doctors&#39; offices. If I had to choose between shorter wait times or shorter visits with the doctor, well, I think it&#39;s more important that Dr. Lavin spends the time with each patient that they need, so I don&#39;t mind waiting. And just like with other doctors, I have found that if you can educate yourself the best you can about your condition and be super proactive while you are with the doctor (write down all questions you have for the doctor and bring to your appointment, speak up, find out what your most recent labs/scans show and ask him to explain it to you, etc.), you will have a more positive experience with him. I remember only one occasion I had an appointment with Dr. Lavin when I had looked down briefly and when I looked back up, he was gone--so I went to the front desk and asked them to chase him down for me because I wasn&#39;t done with him yet, LOL--and they did, and by the time I left, I felt confident that I had gotten everything I needed from the doctor that day. Dr. Lavin really does have a heart of gold. He really does care about his patients. The nutritionist Kristine has a heart of gold, too, and she is super smart! She will spend as much time as needed getting answers for you, even after she has left for the day--she is also awesome in that she doesn&#39;t give up on you. As far as the front desk is concerned, Randi is the person to talk to (I think she&#39;s the office manager) if you have any questions, concerns, issues, etc., though you might need to wait till she&#39;s off the phone--she and the rest of the staff spend a LOT of time on the phone because they are speaking to your insurance company, your pharmacy, etc. which can be a huge time suck, but that part is not their fault. Randi has worked for Dr. Lavin a long time--she was there when I first became a patient 10 years ago, and she is very knowledgeable and she also has a heart of gold and cares about the patients. My first 5-7 years coming to Dr. Lavin&#39;s, the other front desk staff were the same, too--very helpful, kind, efficient, you know their names and they know you when they see you, but I have also noticed that only in the past few years, most of them are gone and now there are new faces, I don&#39;t know all of them, they don&#39;t know me, and it can be frustrating every once in a while. I, too, have found that sometimes it is hard to get ahold of them on the phone, but that is also true of some of my other doctors&#39; offices. But in the end, it is all offset by getting to see a doctor who is so smart he probably graduated top of his class, who is smarter than pretty much any other doctor around here, and who is smart enough to figure out how to help me when no one else could.",100931566,Yelp
1350163,"I absolutely love Dr. Fabricant. Not only is he the best doctor, he is also very kind hearted. He made me feel very comfortable throughout the entire process of intake, diagnosis, surgery and recovery. I feel lucky to have found him.",100309504,HG
24560,Very happy with his care. Resolved all issues. Very experienced and knowledgeable.,100006915,Vitals
1423290,Great dr but the wait time is ridiculous! Always at least 1 hour late!,100326037,Vitals
728924,"I have been a patient for a few years of Dr. Siegel, he is a very nice and competent doctor. However, the new office that he has moved into, is not good. My first appointment was early morning, as I approached the front desk, two of the employees were arguing loudly. I patiently waited until they were finished until they "" acknowledged"" me. I was then told to sit down and wait to be called, I felt as if I was in a factory. The waiting room was crowded, they call people in and ask for urine specimens to a bathroom that is NOT CLEAN , and has a terrible odor. The rest of the appointment was OK as Dr. Siegel is good. My second appointment was later afternoon, again, the office was crowded . I was called in to give a urine specimen, the nurse that called me in was rude, and did not look at me as she handed me the specimen cup. The bathroom was even worse this time! A commode was next to the toilet and the bathroom was dirty (again) and the odor was unbearable!!! I had a procedure done that day, and the room I was brought into was fine. Again, the nurse was not very professional. I asked to use the bathroom, it was a DISASTER!!! It is also being used as a storage room there were boxes all over the place, and not in an organized fashion. I expect more from a doctors office. Dr. Siegel, do yourself a favor and go back to your old office, this office is a factory, not a medical practice.",100163252,Vitals
2949652,"Dr. Pappart is Knowledgeable, friendly, never rushes the visit and makes sure you understand any diagnosis. The issue with this practice is the front desk. They are rude, unhelpful, appointments are made from a third party outside of building. If you hv a question for the Dr. The nurses line NEVER calls back. U need to keep calling apt line & they expedite call which again does not occur. I stay with Pappart as she is good but they MUST address the office/ staff.",100678110,HG
1331519,I can say that I have been to 5 dozen doctors in my lifetime and Dr. Cuddapah is one of the best.  I have a mulitude of health issues and Dr. Cuddapah's approach is by far the most linear and understandable.  He wants the patient to understand the process so we can communicate to him the most effective manner so he can do a better job.  There is never long wait he he is respectful of the patients time.  His staff is wonderful and there is never a disconnect within the office.,100302513,Vitals
1059520,That was great,100241633,HG
3969323,Dr. Kurtz has absolutely no bedside manners whatsoever,100910417,Vitals
3642805,I cannot recommend Dr. Jonson highly enough! He is very attentive and I felt completely comfortable and well informed while under his care. He truly is just a genuinely nice person and an excellent doctor!,100831231,HG
4837279,"Excellent doctor and a nice guy. Took a difficult problem and solved it quickly and with compassion. Always responsive and available. Staff is excellent and efficient, and kind. I've been seeing ENT physicians for 45 years, and he's the best in every respect, by far. Highly recommended.",101104317,HG
1674233,Great service. Has patience and good communication with me as a patient. Understands Spanish well.,100382380,Vitals
2246953,After going through a couple different ob's I went to Dr. Henry. I am so happy that I did. He is a wonderful doctor. He takes time to explain things and makes sure you understand him. He is a blessing!,100514212,RateMD
193931,"Dr Sorg,
Very good doctor.
She takes the time to listen to you.",100040787,HG
1475278,"she is very unprofessional in her billing practices and handles issues with patients in waiting room in front of other patients. She bills inconsistently for office visits so you must be vigilant in reviewing you bill especially if on a no-copay (high deductible) plan. Then when you ask about it she gets angry & defensive, even cutting your appointment short after you have paid for the visit. She even uses your appointment time to discuss billing instead of the reason your there, and of course wants to charge for the whole half hour visit. She causes a lot of stress & anxiety for her patients that are there to get help for depression/anxiety.",100338888,Vitals
2733857,"Dr. Karl ""abruptly"" dropped me 10 days after running out of my pain medication.  Here I am - with a pain rating of ""14"" - has been here for over a week. I have a fractured back, can't drive, have no transportation, other than cab.  Was supposed to be able to pick up Rx on a particular day.  Took cab to his office (after confirming Rx was there), got there, Rx not there, spent $50 for a cab and no pain meds. Rec'd call next day (a Friday) that Doctor was ""dropping me"" as of that day.  Doctor forgot ""he was to do no harm"" - not leaving patient in pain.....",100623610,Vitals
27278,Ignored patient's wishes perform a procedure that was not wanted and resulted in a poorly shaped breast.,100007373,Vitals
527552,"you think a doctor is a person who treats the patient fairly based on his or her medical knoweldge and experience? Well  Scott Baker is not that person. If you get injured at work , and workers compensation is sendig you to dr. Baker , he will treat you in a way that will benefit the worker's compensation interest, and not worry to much about the patient health. He dosen't care about you , you don't pay him , worker's compensation does. After i saw Baker for a while he gave me an impairment rating of 0% and at the same time an indipendent doctor gave me an impairment rating of 12%. (see the difference?)I wish there was a law that will support the health of the people and not let this corrupt doctors like Scott Baker, to take sides when treating a patient. He has no morals or ethics. Three other doctors i saw after Baker, gave total different diagnoses than Baker. Make youself a favor and find a decent doctor who has morals and will give you the treatment you deserve, because your health is the most important thing you have.",100120501,Vitals
4421252,"Dr. Little is one of, if not, the best general practitioners that have ever treated me. I have numerous medical problems, and she always takes the time to make sure that any medication she prescribes me will not adversely affect other medical problems I have, or interact negatively with other meds i take.",101012954,Vitals
472853,The care I recieved by Dr Sara was exemplary. He saved my life.,100107724,HG
4444324,He is thorough and is extremely competent. During the years he has been my practitioner he has always taken time to make sure that I've been checked out on all avenues with the up most care leaving no stones unturned. I think he is the best practitioner in the area.,101020438,Vitals
208234,"I went to Sweeney Eye Associates just to get my eyes checked and get new contacts. My appointment was at 1:30, was not called back till 2:20. Then, rushed through the exam. The tech then dilated my eyes and asked me to wait back in the waiting room. After sitting there for 25 minutes, I finally asked when I was going to get called back in. Needless to say, an appointment that should have been 45 minutes tops was 2 and a half hours long. The staff was rude and they rushed me through every part of the appointment except the sitting around and waiting part. Will not be going back to them.",100045730,Yelp
4207772,Not surprised by the 3 stars!!! He deserves 0! So rude I had to speak to him because he was an on call Dr. NOT my doctor. I will never call in an emergency to speak to him ever again.EXTREMELY unprofessional and rude!!!!,100962844,Vitals
3558356,"Dr Leonard fixed my ""shredded"" shoulder and I'm good as new!  No limitations, no pain!  He's great!",100813664,Vitals
2600128,"A robot would act more concerned and caring about your problems. A ""Do you want surgery or not"" type of attitude and during the follow-up he could have cared less that I was still in tremendous pain. His response was, ""You shouldn't be in pain everything looks good."" When I expressed that I feel the same amount of pain he walked out of the room having nothing more to do with me. I tried to ask where do I go from here as he walked out and got no response. I was lost.",100595064,Vitals
2104438,"Dr. Sasson is a wonderful doctor.  His patience and compassion is top notch.  If I am ever in need of his skills again, I would not hesitate for even a second.  I feel so lucky that the ER doctor sent me to him.  In my book he gets a 5 star rating.",100481413,Vitals
2970091,Dr. Hamilton took the time necessary to answer my questions and explain my options. I'm recovering from a recent shoulder surgery and I'm very pleased so far with the care I've received.,100681215,HG
4485838,We went over my health and talked about a plan to keep me healthy. He is never in a hurry and always listens and is very patient understanding and helpful.,101027656,HG
4244183,"Dra. Haddad is my Primary Care Physician (PCP) and I think is the best doctor from the Family Medicine Practicioner Dept. in UFHealth Jacksonville, FL. Im proud to be her patient witn my mom too. Sometimes we have to wait more time than we disire in order to be assisted by her. But Dra. Haddad have too mamy patients every day and she is very kind and busy all time in order to offer the best attention to all her patients. She always will be my best and favorite doctor. She is the best doctor from UFHealth Jacksonville, FL.",100972030,Vitals
4435200,"I was a challenging patient with a bad history  with prior anesthesia problems. He took time with me to go over past history and to explain options. He was patient, knowledgeable and has an excellent bedside manner. He followed up with me several times in recovery and at home. All went better than I could have hoped for with NO problems and awoke immediately after the surgery which was a concern as past surgeries I could not do that for a day or more.",101019017,Vitals
1645293,"I have never met Vahora  ,each time I was there I was handed off to her assistant ,the staff was ok but this office is FULLY out of control When it comes to using the answering service they forward every call it's RIDICULOUS !!!  DR Vahora is money hungry and surgery happy ....Her assistant Ms Soto is wonderful just wish she was in another office to continue to do business with her....bottom line is FIND ANOTHER GYNECOLOGIST...it's not worth It!!",100377611,HG
3210710,very compassionate. excellent listener. genuinely interested in me. uses medications carefully. the best psychiatrist-therapist i have had.,100734940,Vitals
322027,Very good specialist,100070785,Vitals
2979992,"Warm, compassionate, doctor who actually listens & hears the patients' concerns. He's wonderfully cheerful & sets you @ ease quickly. Very good staff as well! Highly recommended, doctors like him are hard to find any more.",100682826,HG
2387337,On the last visit I was just there for a blood draw for a PSA  check.  No problems.,100544887,HG
4378824,"I have been going to Dr Kaplan for 4 years now, as well as my mom... for botox and fillers. 
Just have to say, he is AAAMAAAZING!!!
Awesome doc, awesome staff... awesome results. Always!!
-RR & JG",101002090,Yelp
1187649,She is very kind and caring and she took the time to explain everything that I needed to know to make an informed decision.,100268899,Vitals
4594746,Dr. Nelson is a great dr... he is extremely educated but not intimidating at all when he is with patient. He has a great investment in his patients and you can tell that he really cares. I would recommend him highly!,101051306,Vitals
1676438,"Dr. Lionelli has excellent surgical skills. My surgical outcome was better than I ever dreamed it could be. The most outstanding part of the experience, however, was the kindness and consideration with which I was treated by Dr. Lionelli and his staff. His degree of compassion, in addition to his skill, makes him a rare physician.",100382760,Vitals
758270,"I feel blessed and assured I have top of the line care with Dr. Mark Debruin at the DeBruin  Medical Center along with his outstanding team and staff, which includes top PA JoAnn Friedrich. It is clear to me from my own medical problems the Doctor leaves no stones un-turned in assessing and addressing a medical issue. Dr. Debruin doesn't mince words; he is very direct and will make every effort to zero in on any  medical problem. I've noted he has encouraged exercise and looking to eating habits before putting me on a regime of pills for a few of my problems and has had me come back for the results of how this alternate course of action is working out. I really appreciate that Dr Debruin looks at the full scope in trying to access and target medical needs and doesn't rule out the more alternate approach and natural ways when reasonable to find solutions. When further outside investigation was needed and referral out was the route to go, Dr. Debruin lined me up with top-notch Doctors and specialists. I also appreciate the Wellness Management Program where I often  get a call back after a visit to see how I'm doing.  I could never ask for a warmer, more attentive, competent staff and team than at the office of Dr. Mark Debruin. I would recommend Dr Debruin to anyone who wants a Doctor and medical Center staff that is really committed to giving full attention to their health needs and having the peace of mind one is being directed on a course of action that targets and answers their medical needs.
 Ever thankful, Kathryn Corbett",100171858,Vitals
4526100,"KIM MD<br><br>I have been a practicing physician  33 yrs with a surgical background who was referred to Dr Boxrud by a renowned ophamologist  when I was inquiring about botox, that was greater than 15 yrs ago. I am now 62yrs old and often mistaken for 40 and that is strictly due to the artistic hand of Dr Boxrud. Dr Boxrud has with simple sugical procedures combined with occasional botox, fillers and stem cell replenishment given me beautiful skin and a youthful appearance. The amazing thing is that my colleagues, friends and family have no idea that I have had any procedures unless I choose to divulge that info. By the way over the years the dozens of people I have referred are more than thrilled with the outcomes, and they include colleagues and their wives {yes men too} , family and friends.<br><br>Also available are facials and different catagories of peels, no brown spots for me on my hands, arms or chest.<br><br>The office staff are friendly , helpful, courteous and do all they can to accomadate patients schedules and concerns.<br><br>Dr Boxrud is always available for  the concerns of patients both before and after all procedures, and will go to any length  to see that a patient is satisfied with any work she performs on you.<br><br> By the way the fee schedule is more than fair<br><br>I have the abilty to choose any surgeon, but when it comes to my face and skin only the very best will do, and I sure have found it in Dr Boxrud<br><br>planning on looking 20yrs younger for the rest of my life !!!!!!!!!!!!!!!!<br><br>Thank you Cynthia and your amazing staff<br><br>KIM LONG BEACH MD",101037193,Yelp
1266973,"I would highly recommend Dr. Tsai to anyone.  He gets to the point and is straight forward with you. Some might think he's coming across rude, but he's just telling you how it is. I like that he's honest. He has not only taken care of me but many of my family and friends.",100288120,Vitals
3292768,Dr. Kulig was more interested in getting me on a transplant list than he was figuring out what was wrong with my health and subsequently delayed an effective treatment.,100755586,HG
200904,He was very helpful and answered all my questions.,100042344,HG
2097603,I am impressed with the post surgery follow-up. It has helped in answering the questions that I had.,100480312,HG
1760298,I followed all his directions and he worked around any issues I encountered and was excellent. His staff was highly professional and on top of that was a fantastic man. He truly cared about me and all the patients I encountered.,100403130,Vitals
73951,Dr. Blank approached my medical condition with unique compassion. She is up to date with the newest treatments and approaches complex medical issues with familiarity. She will be the only ENT that I trust for treating my entire family.,100015705,HG
1030218,"DO NOT LET THIS DOCTOR OPERATE ON YOU! RUN!  SEEK ANOTHER OPINION!!  I had surgery for my deviated septum from this doctor.  I felt no change after the surgery and after 3 weeks, I actually felt worse.  Every time I went to see her regarding this, she would see me for one minute and put me on antibiotics.  I went to get a second opinion and found out that I have irreversible damage, scar tissue build up, and 100% of my sinuses blocked.",100236953,Vitals
826306,"Dr Ahmed is very professional, caring and an excellent listener. He can take all your symptoms and order the proper tests and give a correct diagnosis in the first visit. He examinies you and asks questions and calls you back personally to explain your diagnosis and treatment plan himself instead of having a nurse relay the information! He is open to questions and spends more time with you than any doctor I have seen in the past 10 years! Would have given him 10 Stars if I could have!",100187925,HG
2296193,"I arrived for a 10:30 am appointment. The desk clerk told me I was early, my appointment wasn't until 12. I told him I have a letter that says 10:30 and he snidely replied, ""Well, THIS piece of paper says 12,"" and dismissed me. So I walked around until 11:45, checked back in, and was called back to the exam room at 12:10. At 1:20, NO ONE had come by the room so I asked the nurse that brought me back how much longer it would be. He apathetically replied, ""I don't know,"" and kept on walking. At 1:45, still no one had come by so I told another nurse to tell Dr. Pincus I was leaving and she simply replied, ""Okay."" I never felt so unimportant.",100526112,Vitals
3552805,"Front office staff is horrible and just plain don,t care about your issues. When I ask has dr Reid been notified the answer is always yes. Not a very loyal office or doctor. So I left Greensboro Peds to follow and support her. Not loyal.",100812375,RateMD
1001833,Dr. Masri is a great doctor. He wash anesthesiologist and pain doctor for my shoulder problems. He informed me every step of the way and was really comforting.,100229233,Vitals
1939337,"Professional, personable and highly knowledgeable.",100444923,HG
4951784,"The first time I visited her she was okay. But then the second time she was rude, unprofessional, and pushy. I called in to get a refill for a prescription. She had written it only 4 months before. She required that I come in, so I did. Then she decided that she no longer wanted to write the prescription. I explained why it was necessary. She actually yelled at me. Then I went to a specialist who said she was incorrect and wrote the prescription. -- Her staff is very nice.",101134187,HG
540874,Extremely rude and uncaring. Didn't want to listen to anything I had to say. I tried to tell him about related childhood history and was interrupted and cut off. I never even got to explain all the issues. He just wants to rack up the money for colonoscopies and endoscopies. Anything I did get to say was blown off so he could move on to the next moneymaker (patient).,100122642,HG
4468522,"Dr. Hoffman has been my endocrinologist for several years, and I can depend on her to provide thoughtful and effective advice during my visits to her office. I am someone who asks a lot of questions, and she patiently answers and explains what I need to know.",101024185,Vitals
4783536,An excellent staff that cares from the front desk to the MA to PA to the DR himself.  He uncovered a condition that other DR's did not look for.  I know I am in great hands as my previous Neurosurgeon that practiced at NYU recommended him.  Will be having surgery 2/2017 for a large herniation and calcification in my C-spine.,101091891,HG
3829666,"Love the staff, Love the Dr., Love the new office!",100874806,Vitals
4887537,Took 1 hour and 30 mins to be placed in exam room. Still waiting to be seen.,101117621,HG
2177635,Dr Drexel is pretty awesome! He helped us get pregnant after almost 2 and 1/2 years of trying! I wouldn't see anyone else!,100496449,RateMD
2550595,Wouldn't take my dog to this physician!  He is rude and lacks autonomy...he can easily change his mind/decisions when challeneged.,100583488,RateMD
252185,"Dr. G has been treating my mom for back pain. He is attentive to her needs an doesn't just focus on one area, he considers the whole patient. He has referred her to another specialist to get to the root of the problems. He also will give alternatives methods of therapy to give the patient the best results. My mom and I both like Dr. G and would recommend him to others.",100053057,Vitals
853922,Dr. Norwood is simply one terrific doctor!  I have suffered with psoriasis and eczema for years with short periods of relief.  Dr. Norwood took the time to explain and offered me many options for treatment.  He successfully got the skin condition under control. He also spent much time with paperwork and correspondence with the insurance company and drug manufacturer to get them to cover the drug.   He is the one out of ten dermatologists that just doesn't hand out cream and see you in six months,100196084,HG
110537,"Was referred over to the Dr, but he refused to take me as a patient.  How can a Dr refuse to take a patient if they are referred over and have the proper insurance?  I never heard of such a thing!",100023499,Vitals
1091774,He LISTENS and communicates with compassion.,100249694,HG
3273821,"went well, very satisfied",100748730,HG
2155517,"I am only 18 years old and was having multiple blackouts and dizziness occuring after my senior year in high school. After going through 3 other doctors I was referred to Dr. Massoudi who clearly and quickly diagnosed me with an AVM. Since being in out of state school, I was able to pick first in upcoming surgery dates and had the surgery done with minimal scaring on my head. My recovery was very fast and relatively easy for brain surgery. Dr. Massoudi was very helpful with clearly defining what was wrong, answering any questions in a way that made sense to people like me who were young and clueless to what was happening, he was reassuring to my concerned parents, and sympathetic and calming to me since I was scared and unsure about the entire procedure. I feel like I got the best doctor and am grateful for such a wonderful neurologist!",100492922,Vitals
547246,"I was touched by the compassion Dr. Harries had toward my husband. We had a bad experience with a drug and Dr. Harries helped my husband to get off this drug. We didn't realize the effect the drug had on us. Addiction is awful, we never want to let anything control our bodies ever again.",100123691,HG
1701968,"I have not had any problems, i would recommend him to others.",100390029,Vitals
3452806,"Not only did he completely miss my father's diagnosis, but he contin ued to insist that nothing was wrong !!!! We definately didn't like his arrogant, condescending attitude and the fact that he felt put out by the fact that we had questions.  I'm sorry that my father chose him because I think his outcome would havebeen better had he seen another physician.  In dealing with his office staff (mean and difficult) I can see thqat their poor atitude is derived from the person they work for.",100792676,Vitals
4648488,"One of the worst experiences I have ever had in my life. I felt discriminated against, and was not listened to. I changed my insurance just to get away from this doctor. She is uneducated, unprofessional, and her staff could care less about their patients.",101063166,Vitals
2000157,Very dismissive. Only wants to address one problem per visit and has a severe lack of follow through. Extremely lackadaisical. Do not waste your time or money.,100460068,Vitals
531565,"I have been going to Dr. Dowd since 2004 and would not ever consider anyone else.  He is professional, caring, keeps up with the latest advancements  in  knee  procedures and research. He answers all your questions in a way that you can understand  and  if  you still need help understanding he is so patient explaining  it  again until you understand.  

He is definitely a 10+",100121125,HG
1186584,"Dr. Peechakara does not seem to care for her patients and their needs. Her and her staff do not respond to MyChart messages and phone calls in a timely matter. I have either sent a message or called her office everyday for 7 straight days trying to get her to send a ""prior authorization"" request form to my insurance company. When she finally got around to sending it, it was INCOMPLETE! This means I still couldn't get the medicine that I needed. I again called her office to have them fix their error. Again, NO RESPONSE! I have been out of this medication for over a week now and Dr. Peechakara and her office don't seem to care!! This form should be very simple to fill out and submit to the insurance company, but it has taken over a week! I have wasted so my of my time calling my insurance company, pharmacy and Dr. Peechakara's office. This has been COMPLETELY UNACCEPTABLE!!!",100268578,Vitals
2162067,"Great experience. Dr. Elias is very easy to talk to, Dr. Elias is very easy going and easy to talk to.",100493782,Vitals
3875203,My overall experiences with Dr. Bontha is excellent Dr. Bontha is very caring and spends time with you.,100885985,Vitals
1784769,"Every time we see Dr. Nashed, he is very thorough with his exams and makes time to answer any questions we have. A1 bedside manner and excellent care!",100408032,Vitals
4260034,she is  caring and kind doctor,100974529,Vitals
1004512,"Very knowledgeable, friendly, and helpful with treating my migraines",100230092,Vitals
810652,Dr. Boccaccio is intelligent and very caring.,100185345,Vitals
2509494,"I have been seeing Dr Fleishman for 13 years. I drive an hour one way. His bedside manor is second to none and the hi-tech office and pleasant staff keep things beating. (No pun intended) Keep up the great work Flash! And go Buckeyes!
-DS - Bremen OH",100576524,HG
588548,Great Doctor and a nice guy,100133687,Vitals
1199474,Dr Patel has helped and cared for my three kids with complicated medical issues. He has been wonderful with them.,100274222,Vitals
2191670,"I love her, she takes her time and doesn't make you feel rushed!",100499770,HG
3316667,"I've waited as long as 3-1/2  hours after my scheduled time to see the doctor. I see no reason for this, as scheduling can be done much better.
Overbooking is what this is called. It ensures a good day of billing.
Good doctor, but needs to grow a personality as well.",100759250,Vitals
553551,Dr. Gocial was extremely kind and provided prompt  support through each step of the process.  We had a terrific experience!,100124678,RateMD
2063925,"I was concerned that Dr Marshall had retired but now that I have met Dr Vines, I'm comfortable seeing her in the future.   Very thorough.",100473652,Vitals
2366537,"Dr. Wyman did an excellent job on my knee surgery. I had numerous questions after my injury. Dr. Wyman thoroughly reviewed the MRI findings with me and discussed my options. His knowledge and experience in sports medicine were very helpful. We tried conservative treatment first. When it was ultimately time for surgery, I knew I was in good hands. I am now back enjoying skiing. I highly recommend Dr. Wyman when any of my friends or family are in need of orthopedic care or advice.",100541088,HG
2282522,"He was my DR for an Aortic Valve replacement, Quad by-pass, pacemaker and pneumothorax and I couldn't be more thankful.  I was back to exercise and normal activities in a relative short time and had not complications of any sort.  He and Dr Morrisey were great and I would recommend them to anyone.",100520207,HG
2313163,Absolutely the best diagnostic Dr. and Psychiatrist! I highly recommend her if you're lookin for the best!,100528697,Vitals
696673,i think they might save my life...i will let u know,100154490,Yelp
682244,"I visited Dr. Zacheis at his Carondelet location.  The staff is friendly and helpful.  I arrived about 20 minutes early and the doctor actually saw me 10 minutes before my scheduled appointment...when does that ever happen?  Dr. Zacheis is very knowledgeable, detailed and careful.  He took the time not only to do a full examination but spent as much time as I needed discussing my treatment and options.    
This guy definitely knows his stuff.",100151756,HG
4423864,Dr. Mobley was very good at explaining my condition and treatment,101013609,HG
4863088,Listened & explained in simple terms.  Caring attitude.  Office staff & nurses are friendly & patient.  Highly recommend.,101111730,HG
936112,"Dr. Abood is always very thorough, she takes the time needed to thoroughly go over any issues I may have",100213665,HG
3296334,The office personnel here are very unprofessional and rude. I'm disgusted the fact that these people are allowed to work in a profession where they are 'caring' for people. These people deserve no stars. The doctor maybe three stars.,100756120,Yelp
3940126,I was always hesistant to have a male doctor. I ended up having Dr. Raff b/c my doctor (that I really loved as well) went on Maternity leave. Dr. Raff makes you feel like he will not rest until your questions are answered. He takes time to make you feel at ease and go over everything that you need to cover without making you feel uncomfortable. I'ver recommended him to everyone I have ever had a conversation about OB/GYN topics to. Outstanding doctor with obvious morals and excellent professional demeanor.,100905611,Vitals
4567561,I was relieved when he diagnosed me & I finally knew what was going on with me. Other doctors didn't have a clue. He is knowledgeable and caring. I higly recommend him.,101047001,Vitals
18551,Dr.Bates was absolutely great! I'm glad that I have her to help me get in better shape.,100006014,HG
4386121,"Really like Dr. Reuss and his staff at the Oviedo office and surgical center downtown!
Professional and caring. The clinic is run like clockwork . . . They've got it down to a science, I've had 3 surgeries performed there.  
Thank you for everything!!!",101006991,HG
4798411,"Dr. Yang is a wonderful doctor. At every visit, he took the time to clearly explain the process, the surgery, all the possible outcomes and expectations. He listened and responded to all my questions and was always on time with his schedule, if not early. I'd highly recommend him to anyone who needs hand surgery. A great human being!",101097872,HG
411063,"Dr. Bowles never makes me feel rushed, always takes time to answer questions, in the past has followed up over the phone with me.  I also have seen a couple of other doctors at this practice, which I have been using for about 12 years.  They were also great.",100093465,Vitals
4340853,"Don&#39;t bother calling here if you are a new patient. Even though every single doctor in this practice is listed as accepting new patients on <a href=""/redir?url=http%3A%2F%2FUnitedHealthCare.com&amp;s=06b806c7af7ed434df0aff91c0ad453f123e316dc512d8b6e044196b8093a95b"" target=""_blank"" rel=""nofollow"">UnitedHealthCare.com</a>, they are actually not.",100995412,Yelp
4319383,"Over 7yrs, I saw dozens of drs, had many scans, ultrasounds, MRIs, hida scan, upper endoscopies, colonoscopy with no defined explanation for extreme digestive pain. As I described my pain , Dr Frissora literally picked up the phone to call the Chief of Surgery. My gallbladder was had cholestatis (no stones) but more importantly during surgery it was discovered that the bile duct leading to small intestine was blocked by scar tissue. I am forever grateful to Dr Frissora for her quick assessment.",100988127,HG
512932,"Was seeing Dr. Ricardo Aleman Chinea for years at Prattelt family medicine, he opened his new practice so I want to have him as my primary because Dr, Aleman has always handled any issues I had with accuracy and professionalism, he never forced me into anything that was not needed , he listens and cares for his patients, I recommend Dr Aleman  to anyone who is need of a primary physician or anything else ????",100115648,HG
78962,"Sure he can spend 30-45min in the room, but wasting your time. Opiniated, arrogant, lecturing Dr who could speak on his podium without taking a break, not creating safe space to hear what you need to ask, say, and answer your questions. Quite horrible bed side manners to boot.",100018865,Vitals
3188372,The worst doctor in the world by far!,100731626,Vitals
3188502,One of the best,100731648,HG
189615,Great dr .Knows how to your pain,100039960,HG
4705795,I'm not sure if this woman is still practicing but I would avoid at all cost. Dr Molly Hanson was my doctor years ago and I had the worst experience. I was only 17 years old when I went to get a physical with this doctor. she basically called me fat and made rude comments which caused my eating disorder. I still remember starving myself for 2 weeks because of her comments towards my weight. Btw I still suffer from an eating disorder to this day. Thanks a lot Dr Hanson.,101075875,HG
744250,"An excellent Doctor ans surgeon, I recommend him 100%",100166254,Vitals
1367726,"I cannot express my gratitude enough for Dr. Marc Kerner&#39;s extraordinary care.  I was suffering from an ear infection after 2 weeks of sinus infection.  The intensive sharp pain in my right ear just didn&#39;t want to go away.  He asked me all the right questions and listened carefully.<br>I felt really well taken care of, especially after a terrible experience at Urgent Care.<br>Dr. Kerner is compassionate, patient, honest, and very knowledgeable.<br>His staff is very professional, friendly and kind. <br>I highly recommend him.  You will be definitely in excellent hands.",100312219,Yelp
4260228,"Dr. Chronis has been seeing my kids, 1 boy and 1 girl, for the past 6 years and he is the BEST!  My kids don't even mind getting shots from him or his staff because they make the kids feel calm and cared for while in the office.  He is always available in case of an emergency.  That's right he answers his phone at home, late at night, and on weekends.  He has taken the time to meet with us at a moments notice.  We couldn't have asked for a better doctor for our kids.",100974578,RateMD
2439841,She is my doctor and is the best and veer dedicated,100558257,HG
4280873,"Thank you Dr Blackburn.
I am a 66 yr old female with severe osteoporosis. 
On mother's day in 2020 I rolled down about 6 steps. Didn't realize my t7 was broken, I waited 6 weeks before I saw a Dr. 

I went to Shasta Orthopaedics in Redding California.
I was blessed to be referred to Dr  Brian Blackburn.
His demeanor, talent for explanations, alternatives for repair and all around attitude went beyond expectations. 
There is no doubt in our minds he would be our #1 pick.
A more pleasant, intelligent and caring Dr would be difficult to come by.
Dr Blackburn is an awesome surgeon as well as a caring human being.
Highly recommended, 5 plus stars.
Thank you again Dr Blackburn.
The Woods family",100979029,Vitals
3625916,"wonderful doctor, and a great staff, they all make you feel like family.",100827126,RateMD
3088374,Dr. Moore performed and endoscopy and a colonoscopy for me today  He was kind and demonstrated a sense of humor which was very comforting as I was very nervous  He went over the results with me thoroughly and discussed follow up procedures.,100708712,HG
2404170,I have been a patient of Dr. Lopez since 2003. He  was great with me and my family.  His listens and takes his time with me. He makes sure I understand what is tells me and great when I take a list of? To him from the problems I have. Great office staff that gets back to me.,100551450,HG
4621306,Dr. Starkman has helped me with my anxiety and depression over the last 7 years. I no longer have panic attacks and I feel motivated at work. I highly recommend her to anyone who has suffered from anxiety and depression.,101055681,HG
3526906,"Exceptionally competent AND effective Physician, Simply, Dr. Bilbool provides not only compassionate but effective care!",100808017,Vitals
1011879,"Very poor quality of care.  doesn't look you in the eye when speaking to you doesn't listen, dirty lab coat behaved very distracted, preoccupied and uninterested.  Whole practice is a revolving door of patients who are de-humanized and treated as if they are convicted drug addicts.  I will not accept this lack of professionalism and when I said I would not be back they actually called me back and asked for my scripts back.  Unbelievable.  

What a sad statement of the Southern IL medical industry.",100233941,Vitals
3931818,"I followed Dr. Brown from her previous practice to the current because she listened to me and allowed me the right to decline voluntary procedures that weren't medically necessary. She delivered my 1st daughter who was a big preemie (4lbs 7oz) and will deliver my 2nd next week, who is full term. As a woman of color, I like having a culturally competent physician who can incorporate and respect my wishes into treatment.",100899784,HG
2095771,I HAVE BEEN HER PATIENT FOR OVER 10 YEARS AND I TRULY CHERISH HER.  I CAN ALWAYS COUNT ON HER FOR A STRAIGHT AND HONEST ANSWER REGARDING ANY MEDICAL CONCERNS I MAY HAVE. SHE ALWAYS MAKES TIME TO PUT ME AT EASE AND HELP ME WITH MY NEEDS. I AM HAVE BEEN  TRULY BLESSED BY HAVING HER AS MY DOCTOR.,100479984,Vitals
4205721,"Horrible office staff! I have no insurance and refused to give me a ""fair"" price. Only cares about the money.",100962552,RateMD
1814273,Moreno Valley,100415775,HG
3984486,Dr Valcarcel is excellent. She looks at every factor in determining the best course of care for her patients.,100914059,HG
1792559,"HORRIBLE PRACTICE! Carilion Orthopedics is one of the worst in the area for patient treatment. Very long wait times, inconsiderate staff, doctors who do not care. Wolfe is more concerned with money and golf than he is at doing his job. This clinic should be closed down.",100412507,Vitals
3040519,"Dr. Plambeck is great, as a doctor and a person. He is patient, kind, listen carefully, helpful and knowledgeable. A great doctor and staff. I would recommend.",100697520,Vitals
2130096,"Dr. Aviv is extremely caring and knowledgeable. He spent a significant amount of time listening to and addressing my concerns. 
I would gladly refer him to anyone requiring ENT servives.",100485670,HG
3739215,"I was petrified to get an IUD, but Dr. Kalinowski was supportive, informative, and made the insertion so easy that I didn't believe her when she said it was finished. I am so happy to have found her.",100853445,HG
2662826,"dr is always late, as much as an hour, because he jams his appointments together to make sure he never has 10 minutes when he's not making money.   sadistically told the DMV to revoke my driver's license although I told him it would cause me huge problems.  I would recommend you go to any other doctor.",100608374,Vitals
2386402,"I had to switch doctors because of a change in insurance and I have been very disappointed.  How can a rheumatologist never examine you?  My previous rheumatologist always listened to my heart and lungs, checked my abdomen.  Looked at my mouth and hands and asked questions related to lupus.  I also had regular bloodwork done, now I have sporadic bloodwork and it is not explained to me.  I am never examined and he is horrible at listening to concerns about my health.",100544798,Vitals
962206,"Dr Rosales has been my cardiologist for ten years and I hope for the next ten as well.  He's an outstanding professional who is a great communicator...overall probably the best doctor I've ever had in my life.  Appointments are not that easy in his new office and waiting time is now typically an hour (because of his new group affiliation).  It's worth it, just be aware and plan accordingly.",100221840,Vitals
3607581,"I was my physical exam in Nov 2009. I was told the result would be ready in 1-2 weeks. After 2 weeks I got no result. So I started to contact her office for the result. I made about 30 calls to her office and I was ignored. One time the lady who talked to me was even rude. In Mid-January, her office phone message became ""the office is permanently closed until further notice, but we still take phone messages..."" I left messages asking for the result, I was ignored. I heard she is now working in another location. 3 months. My insurance company and I paid for the office visit and lab tests. I got no result.",100824179,RateMD
366883,Dr. Murphy was aggressive and his staff was exceptional !!  I always felt as I was a part of their family.  Thank you so much!,100081357,HG
83923,"This so called dr. lack of profesionalism is outragus. my wife and i went to him since we just moved to the area thinking that would be a great dr. All the questions we asked were not even answerd and all we got was repulsive and disrispectful answers, like when i asked him when is he going to do a anatomy sonogram of the baby to know gender and make sure the baby is growing properly his answer was ""i dont do that u have to go somewhere else.""  my wife asked: where am i going to give birth? Since were new in the are we dont know his answer was: ""well theres only one place"" in a disrispectful manner... I dont know if its because   im hispanic or because so other issue...
My personal opinion is DO NOT GO TO THIS DOCTOR NEVER",100019582,Vitals
261912,I feel like he makes decisions based how big of a bill he can generate and not based on what you really need. Doesn't listen well.,100057266,RateMD
1450568,"My wife and I were referred to Dr. Meyer by highly satisfied friends.  We have both enjoyed outstanding experiences with her.  She is highly knowledgeable, thorough, patient, kind, and honest.  At my recent visit last month, I was amazed at how efficiently the clinic system got me through my whole visit from check in to seeing the doctor and getting multiple tests.  That was very unique in the modern medical world.",100335245,HG
1015684,I've been going to him for a few years. He has always been very good and informative. He doesn't mess around and gets things handled right away! He's Great!,100234409,HG
1789261,Dr. Hornstein is the Platinum standard for Rothman. His expert hand and practical wisdom and performance was an absolute  relief comfort in painful situations. He is refreshing and the hallmark of professionalism.,100412045,HG
1395524,"The best doctor I have ever dealt with. My knee replacement is perfect. He is knowledgeable, caring and obviously loves his work. Would send any friend or family member in his direction.",100317281,HG
4123049,Great doctor. Explained everything. Very concerned about you and took time to not only listen to you but made sure you understood.,100942978,HG
4711864,I had Dr. Timmins for a Hysterectomy in July of 2020.  I found Dr. Timmins to be a very compassionate doctor.  He explained my condition well and answered any questions that I had.  His office staff was awesome!  Very friendly and helpful through the whole process.  I was actually sad when I was discharged from Dr. Timmins care because I was Cancer free.  I liked him very much and would differently recommend him.,101076780,HG
2978576,Dr McGowan was an amazing doctor.  He literally saved my son's life.  We'd enthusiastically refer any friend or family member to see Dr. McGowan.,100682525,HG
4255191,"I had a vasectomy many, many years ago. He was polite and nice and did the job. He did a fantastic job in fact.",100973839,Vitals
1415552,"Overall, the service and the treatment I received was really great!, Overall, the service and the treatment I received was really great!",100324465,Vitals
2423714,"the doctor is very kind and humble and responsible.<br><br>but the 5 star actually goes to the staff, SUPER EFFICIENT and NICE<br><br>I&#39;d minus one star for that he was out of town for a long time so I had to switch doc. but later I moved so I had to did it anyway. <br><br>Still, you will love his staff.",100554683,Yelp
2757510,I am a new patient of Dr. Bragman's and so far everyone has been very helpful and welcoming!,100630601,HG
3403585,"I went to Dr.Steiger and he misdiagnosed me, and let me leave his office frantic and with no explanation from him. When I got home and realized what he had just told me, I immediately started calling him and he would not get on the telephone. I called several times, as I thought I would have to go to the emergency room. He obviously does not have any idea of what he is doing, nor does he care.  I was emailing him. No reply. I kept calling his office, and finally through the office manager he had said he made a mistake. He would not even get on the phone personally.  He has NO bedside manner and he is a miserable person, besides being incompetent. He barely acknowledges you or listens to you.  Stay away.",100781177,Vitals
4384974,Just moved to the area and so far this office has been wonderful. <br>Dr. Lindback is amazing and wonderful. All of the staff is really nice.,101006817,Yelp
293829,"Zero stars. Due to this doctor&#39;s negligence when prescribing medication, a family friend was hospitalized.  Judging by the profile picture and other reviews, this doctor&#39;s license  is most certainly at stake. I urge all of you that have been victimized by this doctor&#39;s abuse of power and malpractice to take the proper steps to report this. I provided helpful information and resources in the images attached for those of you who need support related to your mental health or a loved one&#39;s, in addition to the phone number for reporting malpractice in NYS. As a psychologist, I abide by my moral and ethical compass and never put others in harm&#39;s way. Be safe and be well.",100062646,Yelp
1548364,Great Doctor! Great Staff!,100355261,HG
4669966,"I have been going to Dr. Ozcan since 2006. I can only speak on my experience with office. I can remember a time when I was very sick and I saw him on a Thursday when he prescribed medication. That following Sunday, he called me from his personal number after office hours to see how I was feeling and if the medication was helping me. I have never in 40 years seeing doctors have ever had one call me after hours to check on my well being. I have my children see him along with other members of my family.  The nurses Elma, Mustafa and Dr Ozcan wife Turkan have always been caring and curtious with us. Along with the PA's Lauren Lopera and Ricardo Zaldivar are very knowledgeable and correctly diagnos systems. I highly recommend Dr. Ozcan's office to anyone who needs medical attention.",101066721,Vitals
1509681,"It was my first time at Nayak plastic surgery, and the treatment I received was way above my expectations.",100348174,HG
4736783,His assistant was trying to get the notes from a prior visit to another Dr in the practice and he sat waiting. He asked why I was there and I told him. He had not examined me at that point but he diagnosed me from 5 ft away. Told me that I wasted the last 5 yrs with other Drs. Told me I would be cured before I left the office. Well I was not and I am not confident his diagnosis was anything but wrong. He is pretty full of himself. You would do well to avoid this guy. Go to anyone else.,101084076,HG
826044,This is my favorite surgeon!! I can speakly highly of Dr. Gropper all day long and I have recommended him to all my  friends and family.,100187885,RateMD
901037,"He blames patients when his procedures do not go right, is cruel, abrupt, does not listen, will only check for problems to prove a patient 'wrong' and when an issue is found when he finally does check will blame the patient!  I have actually had waits of 4+ hours for appointments!",100208272,Vitals
4908260,Dr. Marshall answers any questions that I may have. He reviews my blood test results and explains if there are any area(s) I need to work on. He's a very professional and kind man.,101123436,HG
2097551,He is the second dr. I went to after first one failed to diagnose problem.  He made a diagnosis immediately and prescribed a medication that worked,100480287,Vitals
722426,Left me with lots of unanswered questions.,100162007,HG
218820,Dr Hernandez is very personable. He rarely makes us wait in his office. He's very thorough in his questioning and exam.,100047284,HG
500093,I couldn&#39;t have been happier with the care I received from Dr Leavitt and all of him team. All of the staff at his office were so friendly and professional and went the extra mile to make sure I was as comfortable and as happy as possible.,100112272,Yelp
3993756,"I've been following with Dr. Fischer for 5 years now.  He released both of my carpal tunnel nerves and did a partial wrist fusion in 2020 after my arthritis destroyed my wrist joint.   Since then, my wrist has felt pretty good until the last two weeks.  My arthritis has now destroyed the joints above the fusion site so I need a full fusion now.  I knew this would happen eventually, but I had hoped for a little more time.  Dr. Fischer is the best.  He's methodical, funny and caring and works with the patient to make the best plan for them!",100918359,HG
359580,"great, very helpful",100077316,Vitals
4158795,"Dr. Ewing is a truly exceptional doctor. She is extraordinarily thorough, but more than that, she is simply a lovely person. She spends as much time as she needs to with each patient and we wait for her because she is at the top of her field, leaves no stone unturned, and follows up with other physicians and even my optician! She sent me to a very well-regarded retinal specialist and when he met me, he said, ""Oh, you're one the elite. You're a patient of Madeleine Ewing."" I answered that she thinks very  highly of him too and he replied, ""There are many doctors like me but there is only one Madeleine Ewing"". I'm with him.",100951809,Vitals
3250387,"STAY AWAY FROM DAVID AMORY and Coastal Orthopedics & Sports!! Do NOT do business with them. I brought my daughter in for an exam for her scoliosis and the first words out of Dr. Amory's mouth were, ""I don't treat scoliosis....."" I asked why then did his front office book the appointment and he said he didn't know. 
Because it was a wasted trip for me (had to leave work early) and my daughter (had to miss classes in school) I asked if he could see how tall she was to see how much she's grown. He took her to the scale, but the measurement was in centimeters. For the life of him, he couldn't tell me how tall she was. At first he said, ""She's six feet tall....""  Trying to hide my astonishment, I said, ""...... she's not six feet tall......."" (she was a 14 year old average-sized girl). He tried again to convert centimeters to feet/inches and said, ""She's 5'4""..."" I said that was impossible because her last exam she was 5'6"". I was embarrassed for him and finally said never mind..... we left not knowing her height.
I then got a bill for over $200 for this visit! Not only had they charged me for the appointment, but they didn't apply it to my insurance. When I called, they said they were having problems with their billing and the only way they could straighten things up is for patients to call in and tell them their insurance wasn't billed. I explained that I shouldn't have been billed at all and told my story..... long story short, I have to pay almost $150 for this ""doctor"" appointment (after insurance adjustment). Coastal Orthopedics insisted it was a legitimate doctor exam and I had to pay. Incredible.... I refused to pay and they sent it to collections. So I will pay but I am warning you, STAY AWAY. Besides the questionable business practices, the office was dirty and unkept. The exam room felt like we were in a messy store room closet.
STAY AWAY FROM THIS OFFICE!!!!!!!!! They're inept.",100745061,Yelp
1833588,"Dr. Levins was one of the most unprofessional doctors I have ever seen. The office seemed confused...could not figure how to charge me my co-pay, left while checking me in to go take ""head shots"" (that's what they said) of the doctor, which took 15 minutes. VERY expenisive exam charges...with VERY little actual examination. The thing that really threw me off is how familiar he was with me the whole time. I did not appreciate being called ""Boo"" and the phrases ""You do you Boo."" The checking of his cell phone and twirling of his hair were distracting. The fact that he had to Google what the mold that I am allergic to and read it off of his phone did not instill confidence. I could have done that. I was upset when I left and the fact that he announced to the office staff and waiting room that he just really upset me and I was acting like he told me that I was allergic to alcohol, was the last straw. I will not being going back to Dr. Levins.",100419322,Yelp
3986619,I always can depend on Dr Walker to        listen to my concerns & advise me as to what is wrong!  He never seems in a hurry & always makes you feel he's concerned!  He has been my Pcp for several years & I appreciate him very much along with his staff!!,100914535,Vitals
3796751,I have no problems with the doctor and his medical staff. It was with his biller & office manager that I have a problem. I was billed on services that did not happen and 2x for it. Tried to correct it with the office manager Mary Ann I believe is her name took several times she said it will be corrected. However some of the charges are still on my bill. There are times that she is also not nice when you speak to her on the phone. It could be an easy correction if she and the biller just cross checked with my medical record. It seems that their biller auto bills you. Too bad it just affects the rating of the doctor  for these mistakes.,100869013,Vitals
3653395,Dr Kadimi took care of me when I had a stroke.  I found his bedside manner and his willingness to provide me with the necessary information exceptional.,100835144,Vitals
266711,"I was scared to go here after reading the reviews, but I'm glad I did. New office, very short (normal) wait. Doctor was very nice. They did say some days have a long wait, so if you're worried about that, ask when you make the appointment. It's a nice place.",100057889,Yelp
853652,No. Straight answer - no follow up - no test results,100196058,Vitals
2125018,"There is nothing more frightening than having a child in serious distress and not knowing where to turn. It is a time of aloneness and uncertainty.  There are many treatment centers and I am so grateful to have been directed to Yellowbrick. What Dr Viner and his staff have created is an environment that gives the young adults an opportunity to learn how to manage whatever it is that brought them through the doors. My son, a former patient, is doing extremely well thanks to the time spent there. I am forever grateful for all of the doctors and staff at Yellowbrick. Not only did my son learn, but I learned a great deal as well. in addition, the entire family reaped the benefits of the time there. I can, without reservation, highly recommend the Yellowbrick treatment center.",100484871,Yelp
804426,"DId nothing for my hip pain which was excruciating from acute pain related to arthritis and bursitis.  Did not physically examine me. Did not offer follow up or a plan to get back to normal. Told me to just get moving. In the meantime pain and decreased rom, activity was worsening. Went to orthopedic associates for 2nd opinion. Not only did they treat me, but offered options for care and follow up. I thank orthopedic associates for getting me back in motion and restoring me to my baseline.",100184309,HG
1515254,"What a terrible, horrible doctor! My niece was abandoned to my sister and when my sister tried to get her up to date on shots, Dr. Patel refused to see her because of her neglectful parents - even after being explained the situation that her parents are on heroin and locked her in a dark room for the first two years of her life! They stated over the phone that she has only had one vaccine since birth and she will be 3 in December, yet they will not help. I am disgusted by this sad excuse!",100349275,HG
1264976,"I was referred to Dr. Haines by my Primary Clinic after an MRI showed that I had a Pituitary Macroadenoma. Several different physicians offered their expert advice on whether to remove the tumor or wait.Dr. Haines clearly laid out my options to me in terms I could comprehend, and I was therefore able to ask questions that were relevant to my diagnosis. This made it much easier to make an informed decision regarding my long term health care.I would highly recommend Dr. Haines to any patient.",100287955,Vitals
4412966,"Dr Spurling is a great family doctor.  She is friendly and pleasant, and very thorough.  She tracks your medical history and identifies potential problem areas, offering referrals as necessary.  My husband and I are very impressed with her.  Does not make you feel rushed - she always takes the time to address all your concerns.",101011254,HG
383434,"Tarek was put-off by my presence. After a 3 minute rant of what was not wrong with me, he asked if he had covered what I needed. I said no and things went more sour from there. He walked out the room without a salutation.",100084252,Vitals
107711,M? son loves seeing his doctor even when he is sick. I wouldn't give this doctor up for nothing.,100023107,HG
1983012,Dr. Kremer was recommended as he was top performer on our insurance website.   He not only treats me very well as a patient but gets to know me as a person!,100455365,Vitals
4231112,"After seeing my primary care physician for a shoulder injury, I was referred to Orthopaedic Associates of Wisconsin and their specialists. I was fortunate to find Dr. Steiner to surgically repair all the damage. Besides the successful surgical procedures, Dr. Steiner generously offered detailed aspects of the repairs and comforting explanations and answers to all my questions and concerns. His positive outlook and professionalism helped me to see my way to a complete recovery. 
Thank you Dr. Steiner!!",100967486,HG
850642,"Every time I've been in to see the wonderful people at Dr Gorin office, it's like visiting friends. They are all so kind and caring.  They truly care about their patients!",100195648,HG
2208231,"Dr. Schmidt performed a total ankle replacement on me one year ago. It has truly changed my life. After 15 years of limping in pain, with little results from another doctor, I found Dr. Schmidt. I can now say that my new ankle is the best part of my entire body.
I review optional replacements and Dr. Schmidt's impressed me the most.
Dr. Schmidt and his staff were professional, courteous, and extended the confidence I needed to go thru with the surgery.  Thank you Dr. Schmidt and staff.",100504637,HG
4851743,"Broke my nose while sleeping and my dad fell over my dog landing on my face. Dr. Chan was able to see me the next day, and fixed my nose. I was worried my nose would never be the same but after 1 month, I am certain I will not notice anything. Interestingly my breathing improved, and I asked Dr. Chan about that-- he said the straightening my broken nose may have also improved my airway. Not my recommendation for improving snoring, but breaking my nose may have been one of the best things to happen to me. Dr. Chan is a great doctor and I highly recommend him.",101109729,Vitals
748960,"When this ""doctor"" ""took care"" of our precious Santa Wanda Nida, the hypocrite told her she needs oxygen tanks but in order to get oxygen tanks doctor's prescription is required & he never gave her. Also when he sent her to stay at animal john stroger hospital for edema, he never followed up on her precarious condition. This dude only self-contradicts himself!!!",100167584,Vitals
3867094,"Dr. Javed saw my brother for heart failure at a local hospital at the beginning of this year 2017.  He has seen him in his office for follow up for hospital discharge.  He is so wonderful.  He's caring and has gone out of his way for my brother.  He has been kind and empathetic with not only with my brother, but also with me and our family.  Thank you Dr. Javed, you are a God-send.",100884364,HG
62542,"Has been my GP for 7 years.
I am a senior and therefore need more medical attention. I have found his work to be excellent. He excels in knowing when your need a specialist and referring to excellent doctors, doing the job of a GP as it should be done.",100013401,HG
2661343,very clear and outspoken with info and treatment,100608116,HG
512649,"I wouldn't say Dr Mears is disrespectful I would just say she isn't very empathetic or concerned despite any serious health diagnosis' you may have or mental health problems that you feel should be discussed, I always thought you could goto a primary about any mental health concerns.. definitely a very cold cold experience. After the very first visit I knew I wasn't at all comfortable to put my health in her hands.",100115523,HG
2781764,"After establishing myself as a patient, I waited five months to see this docor,  then after a year, had to re-establish myself and waited another five months for an appointment.  Didn't do anything to relieve my pain, but offered me medication, not pain pills, didn't want them.  Everything about this clinic is wrong.  Right down to being double billed.  You have to pay a deductible to use the building, then another for the doctor.",100634869,HG
1787705,"A very good doctor,I'm glade to have him.",100409567,HG
3393093,"Dr. Conway is the best gynecologist.   She is knowledgeable, patient & friendly.  She always listen to your problems patiently, and try to find the cure for you.  She only suggest surgery when it's necessary.  Not like other gynecologists, who always tell you to have a hysterectomy just to make money.  I had a problem which two gynecologists could not tell me the cause of it, but one visit with Dr. Conway, she already knows the cause.  She took care of my problem with one simple same day surgery.  She also performed another major surgery on me a few years ago, and she did a great job.  I live about a hour from her office and hospital, but I am willing to make the trip to have her treat me.  She is really worth it.",100779162,RateMD
159204,"I have been seeing Edgerton for about 4 years now and I just love him. He is open to any and all questions and will sit with me until I have gone through my (literal) list of questions I have previously written out for him. I originally went to him for pain during intercourse after I had gone to several GYNs who had no clue how to diagnose me. It was Edgerton who helped me discover I have Vulvar Vestibulitis. He gave me a lot of information on it and helped me work through this condition and I have gotten much better with the pain as it is almost non-existent now. I was very glad to use him as my OB once I was pregnant and he was TERRIFIC before/during/after the delivery. It's a shame he no longer delivers babies now. I will say that some of his staff isn't always the friendliest or quickest with things, but it's more important to me to have a good doctor so i am willing to stick with him.",100034742,RateMD
1597057,Could not give Dr. Ganjoo better praise. I have seen multiple nephrologists through out my life. I was really spoiled by the excellence of Children's Hospital of Pittsburgh Chief of Nephrology. Dr. Ganjoo has been the first doctor since then to give me the same level of care.,100366242,Vitals
2921370,"I was surprised to see the lack of stars on Yelp for Dr. Goodlerner and her office as I had an excellent experience.
I saw Dr. Goodlerner for an annual skin checkup with several suspicious skin lesions I wanted her opinion on. First, I was very impressed by her office staff. When I called for an appointment I was welcomed by the staff member, was able to schedule an appointment the following week, and was sent a link to a portal site that allowed me to enter my information and history electronically ahead of time. It was refreshing to deal with a dermatologist office that had updated the practice so everything was handled electronically.
When I arrived for my appointment, the staff greeted me, they were very friendly and courteous, and I was seen promptly by Dr. Goodlerner. They also have an area in the waiting room with a small kids table and toys. I had to bring my 17 month old son and he was pleasantly entertained while I waited to be seen. 
Dr. Goodlerner did a thorough evaluation of my skin and recommended removal of several skin lesions. The follow-up appointments for biopsy and surgical removal were quick, painless, and my incisions healed beautifully.
I would recommend Dr. Goodlerner and her office to anyone who is looking for a courteous and friendly staff and a doctor who is straightforward, friendly, surgically adept, and practices with your best interests in mind.",100669134,Yelp
3052184,I was fortunate to get Dr. Dorfman when I went to the E.R. three years ago.  Great  care and the wait time is always short. He listens to your concerns.,100699963,HG
2721725,My child almost died during the birth with this doctor. The child had seizures right after the birth. The child is severely crippled. Perhaps there is a connection perhaps not.,100621416,RateMD
4134013,"Dr. Bzowej is caring, compassionate, well educated, listens and communicates wonderfully.  She is a thorough with diagnostics and conveys the results in a manner that is easily understood.  Dr. Bzowej has gone out of her way to call from her cell phone numerous times over the years to check on me - a level of kindness and care that is unheard of these days! Some ideas to get you started:-Write about overall experiences-Write about what you like or dislike about your physician-Write about whether you would recommend-Write as if you are talking to a peer who is asking your opinion",100947656,Vitals
2741524,competent and beautiful!,100625570,Vitals
3816333,Yuck. This practice focuses on bullying patients into their policies. If you refuse something they recommend or have a different view surrounding childbirth they will DISMISS you as their patient. If you want to be a part of the decision-making process with your care - avoid this practice!,100872192,Yelp
558226,"Dr. Behnam gets my highest recommendation. She is very warm, caring & respectful... which is rare in a Dr. I feel lucky to have found her. I like that you can get in to see her promptly, if needed. Her staff is wonderful, too.",100125452,HG
1349105,"Dr A. Marchese has treated me for several problems since I became her patient.  She listens intently, shows concern and talks with you about your treatment.
She is by far one of the BEST physician's I have encountered.",100307748,HG
1322038,"An absolutely fantastic experience, nothing but the finest group of professionals caring for their parents and families every need in a friendly and fun atmosphere",100300930,HG
762805,"I'm not sure if recent anonymous person was at the same Dr Khoury that I was. I had a completely different experience. My husband and I found Dt KHOURY to be very professional & knowledgeable. He took time to discuss my current problem, provided a complete explanation of my choices and answered all of our questions in detail . I would highly recommend Dr Khoury as an excellent High Risk Maternal Fetal Specialist.",100172905,Vitals
4816675,"After being involved in a vehicle accident I was sent to the hospital for and MRI and CAT.  This was on a Friday afternoon and spent too much time at the hospital only to be told by Dr Dirks to call and arrange a follow up appt in two weeks.   By Monday morning I was wanting questions answered only to be given a run around by the office staff.  I walked in unannounced that afternoon to find the Dr there and proceeded to explain  that I had a LOT of questions about my injury.  An appt was set for the following day (front office made it very apparent I was inconveniencing them).  A few more x-rays were taken.  After a few minutes of the Dr's time I was prescribed PT, told more than likely I would need surgery and I should get a lawyer.  One month of PT with minor improvement I went back for a follow up appt.  Dr Dirks asked if I wanted surgery, I told him not at this time, his response was call me when you are ready.  I've moved on to attempt alternative tx but will not return even if surgery becomes necessary.",101100570,Vitals
1520493,"Absolutely wonderful doctor! He is very friendly and down to earth. 
After having surgery, I could email him a question via his app (Healthloop) and he would get back to me right away; even if it was on a weekend! He was very concerned with making sure I was okay - before and after the surgery! He made the whole experience very easy.",100350088,Vitals
1908418,I called to schedule an appointment for a physical exam and was told I can&#39;t do it on the first visit. I need to schedule one visit first where the doctor schedules the exam on another visit so you will have to pay for multiple visits to get normal physical. I don&#39;t understand why you need 2-3 visits to get this simple thing.,100439076,Yelp
441140,"Went to see her for psychological issues and Narcolepsy.Too quick to prescribe anti depressants. I felt I was being rushed out the door after my initial visit.Has an accent (which is fine) but she stutters over every other word which makes it extremely difficult to understand her.Reception is completely unorganized. I told them multiple times to call my cell phone but kept calling another number where I don't live anymore. They're supposed to call to remind you of an appt the day before but they failed to do so after a few visits.Scheduled me for a time when I told them not to, AND called the wrong phone number to confirm the appointment which gave me no way to cancel or call back.Called to leave a message to make sure I had an appt since they were failing at the reminder phone calls. Started to leave message when doctor picks up the phone. Asked to make sure I had an appointment. She said I didn't but asked if I would like to schedule one. I said yes. I started to ask a question when I heard a click. She hung up on me. Next day, I get phone call from the receptionist saying I missed my appointment and I told her that the doc had scheduled me for a later time. Found out she double booked me in the same day.I was dropped for missing appointments that I was not informed of properly and not scheduled properly.The lady that used to work there as a receptionist did a fantastic job, but I guess she either quit(can't blame her) or was on vacation during this time.Don't see her. Not worth the headache and hassle.",100099148,Vitals
4961467,Very caring very thorough and actually took time to listen to me!!!,101135832,Vitals
2929838,"Doesn't take insurance.  Difficult to get a copy of your bill so that you can file on your own insurance.  Have had multiple appointments cancelled the morning of the appointment.  Takes days and multiple phone calls for a pharmacy to get information.  When you can see him, he takes time with the patient and is a good doctor.  The problem is actually seeing him, getting a copy of a bill, and the office response to requests for information.",100670796,RateMD
2091252,Great person ! Took care of the issue asap I had falling down because of the bad blood flow in the right leg ..: I went to 3 doctors before finding him and he found the issue and since then doing well.  God bless him,100479236,HG
2736845,"Normally I get stuck 10 times. This time just once, very happy",100624085,HG
4731497,"He listened to all of my concerns, and questions. He spent a lot of time with me . He DOES NOT  push surgery on you like other doctors do . Very good bed side manner . The office is very nice . His assistant gena is wonderful.  So glad I went. My husband and I will recommend many to him .",101080428,Vitals
117968,Dr. P is wonderful and caring. Highly recommended.,100024688,Vitals
4169729,"Amazing results, So excited about my lower eyelid lift results! I look 20 years younger I wish I would have done this a long time ago! I'll be back for more!",100953604,Vitals
322029,"He was excellent on all counts.  He listened to the patient's questions
and information given, he gave expert advice.   He gives his patients
a point of being able to contact him directly after hours.  Very thorough and has a good bedside manner.",100070785,Vitals
3635405,"After years of back and forth with podiatrists and other m.d.&#39;s , Dr. Shin zeroed in on the problem that not one other doctor had, including one who had insisted I had gout and should go on meds basically &#34;forever&#34;. He is beyond kind and attentive, he listens to you and did not rush. It&#39;s a treat to not have to hate going to the doctor!!! HIGHLY recommend him and this fine practice.",100829143,Yelp
2248306,"Wonderful, kind, knowledgeable, always positive and encouraging. Up to date on treatments. Takes time to explain things. Wish all drs was like her.",100514444,HG
1058478,My family and I can not thank Dr. Bansal enough for saving my daughter's life. Her lung infection had spread to rest of the body and she was on a respirator for 3 days. Dr. Bansal and his ICU staff were friendly and very responsive to our questions and concerns. The best doctor I have ever met!,100241484,Vitals
933166,"Even thought my elderly husband and I have now moved away from Tucson -   we both  REALLY miss Dr. Lin's professionalhigh quality care & wonderful 'bedside' manner'  !!!!!We knew she was  GREAT when we lived in Tucson for five years,but now we miss her s lot !!!! She and her staff will ALWAYS bewished all the best !!!!",100213163,Vitals
2744129,Give me my refund for the surgery you did not perform,100628244,Vitals
3110733,"I have been seeing Dr. Mahmood off and on for several years now, he is very competent, and knowledgeable, and always gives and offers broad based solutions in our discussions relative to my overall health. Under his care I have been able to either address or resolve most of my health issues. I am very thankful for his care, and would recommend him to anyone who needs a good doctor.",100712494,HG
1266903,"I have very complex Crohn's. Dr. Lederman was very honest about how ill I was. Over a 4 month period, Dr. Lederman was my biggest cheerleader! He was there to celebrate my success, and pick me up when I was down in the dumps. I wish all physicians were as compassionate, intelligent, and invested in patient outcomes as Dr. Lederman",100288108,Vitals
3805034,"If you want your health status to be judged instead of helped, go see her!",100870462,HG
504696,A warning to disabled patients with service dogs.  This office is NOT service dog friendly--no knowledge of ADA guidelines or sensitivity to patients with service dogs.,100113460,RateMD
4350288,He was late more than once to our scheculed appointment because he was getting dinner. Apparently eating was more important to him than our appointment. Only when I called him out on his repeated lateness did he even act remotely interested in my well being. He's nothing but a pill pusher.,100996835,Vitals
7706,"Had surgery with Dr Mo three months ago, I've been doing really well and I'm impressed with the progress. I've referred my neighbors to him.",100001677,Vitals
1306121,"Very professional..
knowledgeable and
made me feel comfortable..
very pleasant office environment.",100298445,HG
3393798,Dr Primack was very rude to me when discussing anxiety medicine- I said I had suicidal thoughts if I didn't take it and he said he better collect his copay today then-  Will not go back to him,100779324,Vitals
3983339,great visit. i didnt get hasseled for being a few minutes late. Girl at front desk and the nurse were both kind and dr o. was also very helpful and eased my anxiety.,100913767,RateMD
226000,"Kevin is  caring and friendly, very thorough, and follows up with phone calls if you are very sick to see how you are doing!!!  Amazing.  Best doctor I have had, and I am in the medical profession myself.  The waiting time is minimal, and he never makes you feel rushed at all.",100048409,Vitals
4687315,"BEWARE!!!!! This practice commits billing FRAUD. I&#39;ve worked in medical claims/billing and at a health insurance company for almost 5 years, so little did they know when they tried to charge me the amount that is &#34;not payable,&#34; I reported them immediately to my health insurance&#39;s fraud department, after speaking with their billing department and them acting like nothing is wrong. <br><br>To make matters worse, they canceled my appointment shortly after I reported them, as they didn&#39;t feel like I was a &#34;good fit as a patient for their practice,&#34; because I complained about their fraudulent behavior. That is some bs!!!!!<br><br>I will say though, if you never encounter these issues, their NP Jill is so wonderful. I feel sorry that she works for this unlawful practice.",101072950,Yelp
4275043,Excellent Dr. Explained things very well. Came in as the Dr on call. Found the problem and fixed it. I'm very happy with the outcome.,100977544,HG
3811960,Dr Benamu is very through with his exams. He answers alll my questions. He makes the necessary referrals when needed.,100871660,HG
3898715,Quality care and diagnosis.  Had the severed tendon in my hand repaired quickly after the accident.  Very professional with a great staff and an all around nice man on top of it all.   Highly recommend.,100893707,HG
3719599,I appreciate everything he has done for me. The Diagnosis was accurate and he was very prompt starting the procedures. He cares about his patients! Because of him I am still here to be with my bride of 63 years and able to enjoy my children and grandchildren. Thank You!  05/20/2014,100848956,Vitals
3976847,"Our experience with Dr. Greenfield exceeded our expectations.  Our daughter was diagnosed (very unexpectedly) with a rare brain tumor and we had to act fast to save her vision among other things.  I am so grateful we were in the right place at the right time.  Dr. Greenfield was incredibly professional, hands on and caring.  He always gave us clear information and was honest about the approach and risks.  

She had to have a two part surgery, one to remove the cyst and one to remove the tumor.  It was a very in depth procedure and she had to stay for recovery for several week in the hospital.  

While this was definitely the scariest time of my life (and my daughter's.. if I can speak for her), he helped us all feel calm.  We trusted him 100%.  No one wants their child to undergo brain surgery.  But, if they have to, I would send them to Dr. Greenfield and team.",100912024,HG
1920224,She is the best Dr. I have ever had very honest and caring about her patients.,100441347,Vitals
2968544,"Love Dr. Cindy. 
Down to earth, smart as a whip, takes as much time as I needed, is informed about new treatments.",100680968,Vitals
2039154,Dr. ALLEN was a very and thorough in her diagnosis. She took much time with me. She took a conservative approach in identifying the problem. Her recommendations were followed with excellent results. I Highly recommend Dr. Allen.,100468085,HG
3965940,Dr. Fischer performed a successful surgery on my Achilles Tendon.  He was easy to communicate with. I would recommend Dr. Fischer because he is very professional and experienced along with his staff.,100909906,HG
1508281,"The doctor was running very behind-almost 2 hours. He was apologetic.  However, he was rushed with me. Although this was a follow up visit, he seemed somewhat confused about my problem.",100347886,HG
3146338,"Dr. Akler is honest, knowledgeable and confident. She preformed my LASIK surgery and I was blown away by the results. The facility was spotless and her percision, calmness and skill during surgery was remarkable. Within 24 hours I was able to see clearly, nearly 20/15 vision.  I have had many LASIK consultations but Dr. Akler's confidents and knowledge sold me and she has a great personality to boot. I would HIGHLY recommend Dr. Akler for surgery or for any eye service.",100721666,RateMD
3406001,"My husband and I have been Dr. Goe's patients since 2004.  We see him for our annual wellness exams and any other health issues that have arisen.  We have always found him to be a well-informed, thorough, personable professional.  He is smart, well informed and has excellent communication skills. His support staff is also top notch.

We recommend him without reservation.",100781524,HG
865053,"I found Dr. Wilkinson to be impatient and too brisk.  She brushed aside any concerns and questions raised by me, and offered very little explanation for my symptoms.  She didn't give me much comfort that she was a competent and caring professional.",100197895,Vitals
2786371,"I can't thank Dr. O'Rouke enough for helping my husband (Larry Zanghi) with cancer. He team of Dr's at VA Hospital in Charlston SC. She is a truly great Dr. 
The care she took to work with him and his Family Dr. Was just over and above! She gives ??
Thank you, Ms Mickey Zanghi",100635828,HG
971722,He was an excellent surgeon and corrected my lower back issue so I can walk without pain again.,100223492,HG
540141,"In spite of outside films, the Scripps System required redo even though I had them done within last week! That seems pretty aggressive. Very kind and thorough.",100122550,RateMD
1762089,"Dr. Contino is amazing.  He has a great personality, great bedside manner and definitely knows what he's doing.  He talks to you in words that you would understand but tells it to you straight.  I definitely will miss him as my surgeon.  He's one of the best!!",100403411,HG
262742,This office is great. Dr. Is thorough and very kind.,100057381,Yelp
4793320,"I really appreciate the genuine concern by Dr. Dickerman and staff. Dr. Dickerman and Dr. Elder are thorough and knowledgeable. I am recovering with no pain! I also appreciate the nutrition and diet advice, as this should also help achieve a successful recovery.",101097000,HG
2697203,"Dr. Dunbar is fabulous!  He (and his staff) is kind,  considerate, compassionate, generous, and so other positive adjectives. I would travel from the far reaches of the Earth to have him care for any Orthopedic injury I might have.
My son had 7 fractures to his left lower leg. Dr. Dunban did a fabulous job at putting Humpty Dumpty back together functional. For that, I am forever grateful.",100617472,HG
3921528,Dr Homafar helped me deliver a perfect baby boy after 2 miscarriages. Other doctors told me I was too old to carry to term. I was 43. I got pregnant naturally and Dr. Homafar diagnosed a clotting problem. All I had to do was take folic acid and a baby asprin a day and he was born full term and 100% healthy. She is friendly caring and very competent.,100897595,Vitals
4591532,"Dr. Smith always took the time with me I needed. He is a compassionate, down-to-earth doctor. Never once did he try rushing me out of his office door. He discussed my medication with me and listened to how I was feeling before making a decision regarding my treatment. I absolutely recommend him!",101050838,Vitals
489727,"Dr. Adler is the most reliable and conscientious doctor I have ever met.  I have been a patient of his for 25 years
 He always listens carefully to my concerns and remembers details of my preferences.  His work is meticulous and my surgeries have always left me with an excellent and natural looking appearance.  He follows up with me until I am satisfied with every concern and until every question has been answered.  His staff at the office is very welcoming, friendly, and courteous.  Lisa made me feel so comfortable explaining everything I should expect before surgery, and treated me with kindness and dignity preop, during, and postop.  Sheila, Kathy, Theresa, Virginia, and Danny were very accommodating, providing me privacy in the office when my husband requested it for me at my postop visit.  Their sense of humor helped me to relax and feel welcomed.  The office is beautiful and immaculate.  I highly recommend this practice.  Your safety is never compromised.  Truly professional!!",100110505,HG
1765435,"I love Dr. Parker! I bring my entire family to him and have referred all my co-workers to him. I tell everyone that if they want to get better, their best chance is getting in to see Dr. Parker.A previous commenter said Dr. Parker left them in pain for almost a year. I cannot imagine Dr. Parker doing anything like that at all and I would think that person has some other axe to grind.",100404059,Vitals
239540,"First, I'll start by saying that I am the 5th person in my family, 3rd generation, to use Dr. Hah for various cosmetic procedures. Dr. Hah listened to my breast augmentation goals, and he offered his professional opinion. I had a hard time committing to a specific size implant and ultimately left the final decision up to Dr. Hah and his team to make in the operating room. I trusted them to make the safest decision with my goals in mind. They chose the PERFECT size for MY body. I am 5'4 110-115lbs and went with 420 Silicon Inspira implants. Impants were placed under the muscle. I am so pleased with my results and look forward to each of my visits with Dr. Hah and his team.",100050427,HG
4139126,Dr. Gaffney and her nurse Dorothy are the best.  Always pleasant and take time with me when I have questions.  Excellent team!,100948700,HG
762724,"I have been a patient of Dr Aziz over a year.  He listens, cares, and has helped me.  He is easy to reach, and I receive a return call in a very timely manner.",100172883,HG
4824504,Dr Matarese offered me an alternative treatement of knee injections which no prior doctor offered.  The injections are terrific and successfully are postponing a knee replacement.  He just scoped my good knee because of torn cartilage and was terrific.  He is extremely knowledgeable and takes the time to ensure you understand everything about your specific situation.  And he is just a nice guy!,101101847,Vitals
1393034,"My mom has been dealing w issue for awile and she doesnt retunn calls , staff not trained to answer questions test results never given had biopsy no results given should be on my pres and not does not know how to be compassionate to elderly",100316793,Vitals
1246785,Dr. Scott was thorough and attentive. Any questions I had were thoughtfully answered.,100282368,Vitals
2439825,"Let me begin by saying that I don't usually write reviews for anyone let alone my doctors. Yet the impact that this guy had one my health while I was in the icu has caused me to write this review. I was sick as stink and on life support when Dr Rishi first saw me in the critical care unit. Over the next two days he worked as hard and as compassionately as one can imagine and brought me back. A week later I was out of the icu. My family also has nothing but good things to say about him. Saved my life, they tell me. He sur did.",100558253,Vitals
1129300,"I had a miscarriage, Dr Lupin went through the treatment options with me and I chose oral Medications. When I asked side effects, how to take the medications and duration of treatment .. he kept saying "" the papers I'm giving You has all that on there"".  Couldn't believe it , how disappointing, as a patient having a miscarriage for the first time  and being unfamiliar with the process and of course anxious , last thing you want is an insensitive provider who will not  take the time to discuss it with you.  It's essentially saying "" read the directions you'll figure it out "" :/. . Why must a patient have to ask you details of the treatment plan ...can you not review even how to take the meds or side effects with the patient ...I still can't believe it",100255694,HG
743628,was ok   no problems,100166184,Vitals
2680609,Dr Wang was kind and explained everything. Made me feel comfortable,100611527,HG
4770643,"extremely well informed, is earnestly concerned about your life & health, listens well",101089367,HG
873681,"Looking for an ENT? Just don't.
I've been dealing with sinus issues for many years and a family member suggested a balloon rhinoplasty to open my passages. The doctor was nice, however I felt like the procedure was somewhat pushed on me upon my first visit -- no alternatives except for gutting out my sinuses, which is a more evasive procedure. I agreed and it was scheduled. I was told that the outpatient procedure would take me out of work for an avg of 2 1/2 days. Although I haven't had any issues post-op, I wish I wouldn't have been awake for what I witnessed after I was numbed up. 
If you're non-religious, then you should know that he'll ask to say a prayer prior to the procedure. He then pulled in 3 other people into that small room to observe (although one 'observer' assisted), and let's just say that it wasn't a walk in the park. He grinds a tube between your canine teeth and your gums to allow the balloon to enter your sinuses, but they don't tell you about the CRUNCH that occurs once the balloon is inflated. Personally, I don't like people messing around in my skull when I'm awake except for my dentist! 
The billing fiasco is another story all together. During the procedure the doctor said that there's no charge for the followup. Upon scheduling, the person on the line said that there is no followup to the procedure (yet they do this to charge your insurance as a regular visit.) Remember when I wrote that the doctor said 'no charge'? They charge your insurance either way and you have to pickup the remainder. So it's really a deferred charge. They said that it's a courtesy that they don't have you pay a copay upon arrival and that they bill your insurance first to see if they'll cover it. The doctor shouldn't say something as stupid as 'no charge' when he doesn't know how his billing works. The bill was only $25, but it's the principle of the matter, you know.
I won't be stepping foot back into this office. I don't care if they gave me a free t-shirt -- I'm burning it!",100199410,Yelp
1869197,"My primary care doctor referred me to Dr. Ungar for back issues. I am very pleased, highly with the care he has shown me. I trust him and his opinions. He listens to your issues and has tried to help resolve my issues. I love my doctor!!",100429008,HG
4712848,"I love Bev Blessing! She helped me after my sister passed away from a very aggressive form of uterine cancer, looking after me carefully. After a year I decided to have a hysterectomy and Dr. Jacome performed it and I have had no problems since.",101076937,RateMD
2210670,"Dr. Kinney performed an abdominoplasty along with a ""butt"" lift after my major weight lost. All I got to say he is the sweetest soul I've met. Caring and he did an amazing job on my surgery. I came in to his office in pain after surgery and he reassured me everything was ok and helped me with my pain. He really cares about his patients and shows it. I would recommend dr. Kinney a million times over.",100504946,HG
4012742,Hey was the only Dr that got it right and made me feel  million times better... he listens to everything explains your bloodwork  where you can understand whats going on excellent doctor ....i have sent 3 people to him already...,100921521,HG
4286502,"Dr. Macdonald is a great surgeon. After discussing the options with me, he took care of my problem quickly and expertly. I was very impressed with his bedside manner, knowledge, and friendliness. So glad that we found him and the awesome staff at Midwest ENT!",100982542,HG
307011,This was my third visit to see Dr. Patel.  I have been a patient at the previous practices for more than 20 years.  Since having Melanoma in 2015 I have been veryserious in my approach to skin care.  Dr Patel is very through and has been doing a great job on maintaining my dermatology health.  Would highly recommend her and her staff.,100066166,HG
1382206,Dr Webers out look on precribing drugs You might as well take them because they are cheap as dirt,100314819,Vitals
4694975,I had these pediatricians when I was a child. They are absolutely the best! Now that i moved away from the high desert I don't think I will find anyone that compares to them. The always return calls promptly and the both doctors are so kind and kid friendly. My 4 year old loves going to see her Dr!!!!,101073980,RateMD
2288402,My father in law is 89 yrs old and Dr Heiland had taken SUCH awesome care of him and his issues! She is very knowledgeable and gentle. The office staff is open and responsive and never loses their patience!! I&#39;m so thankful for their care!!,100521354,Yelp
3721986,"Very good visit, reassuring.",100849448,HG
3880458,2 weeks since I first saw the doctor and the paperwork still isn't done by the doctor so staff can submit it to the insurance company so I can get a pain injection.,100887114,Vitals
3839533,"This was a checkup to see how I am doing.  Dr. Marchena was willing to spend as much time with me to ensure my questions were answered and I was doing fine.  He noticed I needed a change in my medication and immediately took care of it.  
Dr. Marchena has always been very courteous and friendly to me and I like going to him.",100877144,HG
4050867,I am a patient at Marshall Hospital,100928340,Vitals
2977731,"Dr. Gersh has been a beacon of light in a cave of worry and uncertainty in my life recently. She became a touchstone for me when I was afraid that my D&amp;C results came back with something I didn&#39;t want to see: abnormal cells. After being pushed aside for years by a doctor, then being told some devastating news with no clarity by another, I happened to meet Dr. Gersh at a post-conference book signing who gladly gave me a second opinion. Really. She had so much to do where she was - and didn&#39;t know me from Eve but she stopped, tuned in, turned on and was completely present for this second opinion in a way I had never seen before.<br><br>With that second opinion came expertise, frank conversation, and a gentle but deeply grounded assuredness for my future- that I could and will indeed have everything that want in my life. Then when my head stopped spinning, she even went into how my body got here to begin with and what needed to be done in the future to make sure that I never had to hear this kind of news ever again. <br><br>Thank you Dr Gersh, from the bottom of my heart for your kindness and for being a champion of my health.",100682392,Yelp
995350,There are not enough words for me to state my appreciation and thanks for Dr Ramlogan and staff.  My surgery was complicated and extensive and as a nurse I was nervous.  I had done my research on surgeons and his name kept coming up as the surgeon to go to in a 150 mile radius...the doctors doctor.  Dr Ramlogan's professionalism and bedside manners are second to none.  The moment I knew I had made the right decision was when he stopped to pray with my daughter and I before surgery.  Thanks again,100227971,HG
4086377,"This whole office is a joke! From the unprofessional, unfriendly, incompetent staff to the LATE, unethical, unfriendly doctor! I waited over 2 hours for my first visit and didn't even see the doctor in person! I had to meet her through a computer screen/over the phone (Skype)! A real joke...not to mention her staff are very disrespectful and menacing. I will never go to her again or even THINK to refer her to anyone I know, this lady doesn't deserve to be able to treat patients.",100936678,Yelp
960923,"He is thorough, professional and nice. His staff are great, too!",100221559,HG
552140,Dr Jonathan Weiser is one of the finest plastic and reconstructive surgeons!   I  can't say enough good about him!   I  highly recommend him to anyone that is looking for the very best!,100124375,Vitals
4707740,"Excellent Dr, caring takes time to listen",101076227,HG
2254271,Dr. Carter is a great. Very caring & compassionate. Would definitely recommend her to friends and family!,100515178,HG
625615,The staff is excellent. They are always friendly and always smiling.,100139313,HG
2177896,"I have been to so many doctors that just plain do not take the time to listen and understand the problems that I am having.  Doctor Knight is the exception!  She always spends enough time to answer all of your questions and cover all of your concerns.  She does not have the superiority complex that most doctors have, it is very refreshing.  Her goal is to help her  patients and she truly means it.",100496508,Vitals
482961,"Dr Kernan is very knowledgeable and professional.  I've had emergencies and got in the same day to see her, sometimes in a matter of a few hours.  I've never had a problem with her following through on testing I had done.  Her nurse Teri is super also and very quick to answer your questions and phone calls.",100109468,RateMD
3235433,"Absolutely the worst Dr. I have ever encounted.  Rude, down taking and does communicate well on a human level.  Verbially shuts down patients trying to ask questions to understand their conditions or potential outcomes.  Would not recommend this Dr to anyone.",100742581,Vitals
2958925,The new office is beautiful!  So clean and quiet. Love the office staff!,100679472,HG
724910,"Many patients don't understand this doctor because he cares about making your life better and manageable to be a survivor, not having to exist on medication. If he feels you're worth saving he will, but if he feels you there for the wrong reasons he will not support a droug habit. If you love yourself than this doctor will stick with you, but be honest. As a patient I wouldn't want another doctor who didn't really care and he cares about all his patients. so many are angry because he's so real and understanding and that should be a plus for anyone who wants to live a good life. He stands up for his patients when he can trust you to want good for yourself.",100162487,Vitals
1434590,Dr. Calame is one of the best doctors I have ever had privilege to meeting. She explained in detail what my medical issues were and she gave me multiple options on how to treat them and she allowed me to choose which option was best for me. Her knowledge of dermatopathology is untouchable and can't be compared to any other doctor that I know. She was extremely helpful and polite and I was diagnosed quickly and my appointment and waiting time was not long at all. I would recommend this doctor to anyone.,100328531,Yelp
2519601,He has been my Primary Care Physician for 15 years.  He takes the time to listen and answer my questions.  He follows up on the results of treatments to insure that the healing has taken place.  I would highly recommend Dr. Carpenter.,100578108,HG
2968075,"Best provider,gives excellent care",100680901,HG
2299476,"Love love love her.  I had so many complications with my entire pregnancy.  She always spent extra time explaining everything and provided the very best medical care.  Because of her I delivered a healthy full term baby.  Many Doctors would have blown off my symptoms, but she always took them seriously and because of her dedicated care we were able to stop my preterm labor.  Her wait times are insane.  I know it is because she spends so much time with every patient, fits everyone in who is worried, and does not leave until she makes sure you are comfortable with your plan of treatment.  If you are having complications in your pregnancy that is what you want, so to me the wait was worth it.",100526640,RateMD
3645146,"I have had Dr. Mallory for 11 years, and we just love her, and her office staff.",100833627,RateMD
2397838,"After my exam, as Dr. Jacobson was quickly entering information into his laptop, he said to me ""let me finish this so that I can give you my full attention and eye contact while we talk."" Then he did that.  It's very refreshing to get such personalized attention.",100550422,Vitals
2394060,Dr. Amin is one of the most caring Doctors I have ever known. She truly wants her patients to get well. She explains everything thoroughly and answers all questions. I would recommend her without hesitation.,100546706,HG
3025734,Dr.Frazier has provided above and beyond the level of care and concern I anticipated from any doctor. He and his staff @Ted B Wahby gave me such great care. It takes a special person who can help you find hope and stay up emotionally at the darkest times one might imagine. I thank God for having sent me to him as a patient. May he and his staff be as blessed as the patients they treat :) Thanks Dr. Frazier,100694586,Vitals
2439695,"Dr. Khan is a very thorough and highly skilled surgeon. I went thru various tests and then he gave me the options for my condition. (I was unable to walk or function because of debilitating back pain. ) 
Dr. Khan did my surgery and I am extremely grateful for his expertise and great bedside manner. He truly cares for his patients. I would highly recommend him and give him my highest praise for his abilities. 
Dr. Khan gave me my life back. I am able to walk and function thanks to him. Fantastic surgeon.",100558182,HG
4061148,"I have had multiple procedures done by Dr. Vallance over the years: gallbladder removal, breast biopsies, breast cyst aspirations, colonoscopies, and gastroscopies.  I have never had a bad experience or bad side effects from any of his procedures.  He has always been professional, informative, responsive to questions, and he shows me respect.  I recommend Dr. Vallance very highly.",100932802,HG
1841958,"i have been with dr. pineda since 2006 and have never been disappointed in any aspect of her care for me.   when i recently moved out of town, i wanted a doctor like her in my area, but i knew there wasn't one.   she has always been on the cutting edge of knowledge on how to care for those with arthritis. always empathetic and gentle when she knew that my weight was a factor in my extreme back pain. now that i have lost 40 lbs. i can see the light at the end of this tunnel.   God bless dr. p. as she she is affectionately known and i will always be grateful for the care she has given me over the years.",100424280,Vitals
319699,"Dr. Getz was great, made feel confident the outcome was better than expected. Rothman was very thorough.",100070377,Vitals
2966299,Dr. Maupin is an amazing doctor! i was very impressed. He is very intelligent and not only gives a great diagnosis he gets to know you and makes sure you understand everything he is telling you! Would highly recommend him to anyone!,100680620,Vitals
1066387,"Truly a caring doctor that doesn't have that ""doctor"" attitude. He visits with you and listens, wanting to do the best thing for you.",100242908,HG
3629617,"After being told by my doctor that I had to get a few &#34;questionable&#34; moles checked out, I was extremely nervous.  However, I was referred to Dr. Berg, and after visiting her she put me at total ease.  The appointment was quick and painless, and I felt very comfortable since it was obvious that Dr. Berg knew exactly what she was doing.  The moles turned out to be fine, and while I was there I actually made an appointment for her Hydrafacial service!  I definitely recommend Dr. Berg for any skin treatment you might be looking to get.",100827939,Yelp
3738402,"Dr. G and his staff are the best, always a pleasant experience. From the first time I called I knew this place was a cut above the rest.",100853263,Vitals
3222656,"A Place this good requires a unique positive review. I am so thrilled with Dr. Pousti and his staff I was inspired to write my review as a poem. Enjoy!
If you want the best
Pousti plastic surgery
Is the place to go
Knowledgeable staff
Comfortable atmosphere
Takes your fears away
Doctor Pousti's skills
Turning Winter back to Spring
Amazing results!",100737207,Yelp
2240309,"Dr. Marmar is one of the most compassionate, knowledgeable, understanding, and professional providers I've had the pleasure of seeing.  She came in to our appointment and patiently listened to everything I had to say.  In addition she explained everything to me with respect and understanding.  I've finally found a cardiologist that I'm going to stick with.",100510308,Vitals
2155157,PLEASE DO NOT USE FOR SURGERY.,100492874,Vitals
1572416,"Dr. Fan is an amazing surgeon. His is very professional and his work is top notch. He was very patient an explained the procedure and the after effects, making me feel very comfortable and created an excellent experience. I would highly recommend him.",100362410,Yelp
141063,My procedure went perfect without any complications and easier than I expected. Dr Pothuri was very professional and he explained the procedure so easily. I would recommend him to anybody,100028698,HG
943326,Amazingly talented and trustworthy surgeon!,100215174,Vitals
310120,"Dr. Nielson exudes competence and attentiveness.  He listens.  I am a new patient, and just these two attributes together make me feel safe in his care.",100068946,HG
2109790,"been my doctor since 2009, and I've been to a few psyquiatrists, she is the  one who have helped me the most, I'am following her everywhere she goes, great, great Doctor",100482190,Vitals
2670080,"Dr. Lau is awesome. Super friendly and easy to talk to. Makes the uncomfortable visit as comfortable as it can possibly be. You just have to keep up with her because she speaks at 100mph! lol.  I miss her. I switched Dr.&#39;s because she stopped delivering babies about 7 years ago. I guess when you go through childbirth with a dr., you get a little attached, so i just stayed with that other dr.<br><br>Maybe it&#39;s unfair, but the 3 stars is because of her unfriendly staff and the wait time. I swear i&#39;ve gone to Dr. Lau for many years, and i&#39;ve never waited less than 45 minutes in the waiting room. maybe it&#39;s because i always went in the afternoon, but it annoyed me that i&#39;d get to the appointment on time only to wait around for another 45 minutes in the waiting room. That sealed the deal for me. i have better things to do than wait around like that.",100609654,Yelp
4285986,"Absolutely wonderful. I have many health problems and he is the most kind and caring doctor I have met, in any field. Would recommend to anyone! Amazing",100982489,RateMD
1850298,"Dr. Richard Shaw is a careful, knowledgeable and personable physician.  He is thorough in that he is very willing to suggest other tests to make sure that his diagnosis is correct.  I get the feeling that he absolutely does not want to overlook things.  Come prepared with a list of your concerns, as it will help him to better use your time and his time.  He is a little hyper, but I'm not sure if he's just naturally that way or he is just trying to stay on time!  He returns phone calls and answers any questions or messages left with the office staff.  When he returns your calls on his cell phone, it only shows 4 numbers so don't hang up!  I did this once before and missed his call.  He is also truthful with me.  He is gentle when he talks to you about your weight or other unhealthy habits.  He was recommended to me by another physician who was no longer accepting my HMO and it has been one of the best decisions I have made.",100425491,RateMD
1716857,This is the best doctor around!! He has been my doctor since 2001 and saved my life when I had to have some of my intestines removed. I wish he was my regular practitioner as well!!,100392529,Vitals
4142922,"Dr. Christian is an exceptional doctor, surgeon and human being. He is so kind and caring and I knew that I was in the best hands possible. I am so thankful that he was my surgeon. He took great care of me.",100949316,Vitals
1893643,"When I met Dr. Liss, he was very confident about his theory with my mother. It was very surprising and yet he was able to back up his theory which gave me hope with my mother's condition. (Into which made me feel like it wasn't as bad as what other doctors has made it seem for so many years.) He has always put my mother's health first before anything else, even though other doctors recommended things that he knew she would not survive. So I would say that he is a great doctor. He is professional, friendly, respectful, and thorough. I would highly recommend this doctor to everyone.",100436953,Vitals
926136,"Dr. Boden was fabulous before, during and after my surgery.  I always felt as though I had his undivided attention during check-ups in the office.  Most amazing, my rotator cuff ws practally severed and Dr. Boden was able to repair the massive tear and I am now restored to full range of motion.  I am still experiencing some strength issues but I'm sure that will improve with time.",100211979,Vitals
3759275,"Dra Chadi Haddad ,, self my life",100859175,Yelp
1920912,"Dr Fahey performed an upper eye lift on me.  Her work was excellent, I could not be happier.  I was terrified of ending up with a surprised look, but look well rested and refreshed.  No one could tell I had ""work"" done.",100441439,Vitals
2010181,"Great experience, He performed surgery on my right shoulder many years ago. I had no problem after that. Now my other shoulder is bothering me. He's the only doctor I would see to get an accurate  diagnosis.",100463254,HG
1935724,The doctor gave me a treatment that I think will help me. Very efficient,100444073,HG
4070044,My father had been in her care for the past 10 years.   She not only made two wrong diagnoses but one that could have caused my dad to die.  We almost started a lawsuit but decided to just move on.  If I could give a zero review I would.,100934369,Vitals
1388368,Always answers your questions in a thorough and friendly manner.,100315937,HG
3847500,"Excellent experience.  Thorough, professional, engaging and action oriented.  Dr. Jain is fantastic.  Follow up colonoscopy to my re-section surgery four years ago. Dr. Jain literally called a colleague of his to get me scheduled for my CT Scans while we were talking through my needs. Highly recommend!",100881321,HG
3904866,"I WOULD WAIT ANY LENGTH OF TIME FOR DR. COSTER, AS HE GIVES YOU THE TIME WHEN YOU ARE WITH HIM. HE IS VERY CARING AND CONFIDENT! I COMPLETELY TRUST HIM!",100894794,Vitals
4515590,Very professional listens to concerns answers questions in layman's terms,101035748,HG
362177,"she was very nice and easy to talk to, I had a really nice experience overall",100077316,Vitals
4851406,"Dr. Kumar may be a good physician, but his office environment leaves a lot to be desired. The office is dirty, uncomfortable and univiting.",101109673,Vitals
4019449,Kind caring and efficient knowledgeable and my experience has been great. Staff here were friendly and helpful,100922372,HG
3863229,"Dr. Elliott had an incredible amount of 5 star reviews and nothing but positive words from patients, so we decided to give it a try. His office is 35 min out of our way but we are so glad we chose him! He thoroughly listens and seems genuinely interested in what our concerns as new parents are with our 10 mo old daughter. He gave us time to think about questions to ask him which is not very common with any Dr. He has knowledge and experience on all parenting decisions and is not quick to judge!",100883863,HG
482753,"excellent, really good",100109401,Vitals
3187987,Excellent Doctor My family love him.,100731553,Vitals
3784481,Great experience from beginning to end!  Professional and friendly staff.  A perfect outcome to my breast aug!,100863640,HG
3037100,Myself and my wife are seeing Dr. Murphy for almost 2.5 years and we are very satisfied with this care towards his patients and detailed diagnosis. Dr. Murphy is our PCP and woudl refer to any of our friends and family.,100696733,Vitals
781970,Dr. Parrish was very thorough and asked many questions. I highly recommend her compared to the other Dermotologists available in the Kingston area. They are way more expensive and have a longer waiting list to get an appointment.,100177036,Vitals
945158,"Dr. Fanaee is the epitome of a caring doctor! He is easily accessible, extremely knowledgeable and very understanding. We will forever remain eternally grateful for the kind, compassionate and patient care Dr. Fanaee provides to my husband!",100215834,Vitals
4093714,Very little wait.  Very nice and helped with many options.,100937793,HG
2756661,Never again.  We are all done with this villain.  My elderly parent ended up in the ER because she failed to DO HER JOB when we saw her 2 wks prior.    She should have her License to practice revoked!!!!,100630435,HG
1012128,"He is an excellent surgeon and doctor, but has no bedside manner.",100233962,HG
1374827,"I was given the best treatment by Dr. Gurba, his staff, and the orthopoediccenter.",100313321,Vitals
4469199,My husband specifically requested Dr. Woll so they rescheduled him for three weeks later.  He still got a male P.A against his wishes who left a large crater hole in his upper back.  I wouldn&#39;t recommend Dr. Woll to anyone!,101024300,Yelp
859550,Staff does not return phone calls.,100196951,Vitals
4532341,My family and I and I for patients of Dr. Silverstein&#39;s for the last 20 years during that time it was never that easy to get an appointment with Dr. Silverstein however lately it&#39;s becoming in possible even in emergency where I needed him to sign some papers for me because of my diabetes Took a day to get back to me and I called him I have a deadline they did not care nor did Dr. Silverstein if it was his license I&#39;m sure he would&#39;ve wanted to get in right away to see someone dmv just sent me paperwork that I needed back two days later and would not extend my deadline from the DMV heard in family medicine was unsympathetic to my needs and I will be finding a new practice.,101038277,Yelp
1836008,"Great bedside manner. Easy to talk to. Kept me informed on what was going on. Never felt a thing. 
His assistant was top notch as well.  Very patient and accommodating.",100420266,HG
210407,"I would strongly recommend Dr. Jeffrey Littleton to any in need of a great surgeon. His staff was very friendly & helpful, the wait was short. I  was very satisfied with the way Dr. Littleton took the time to explain everything in detail, where you can understand. Dr. Littleton & his nurse
also relieve a lot of stress in the way things were explain, way they talked to you, & in the plan of what we need to do to correct the problem. I would like to say thanks to Dr. Littleton & his staff",100045977,HG
2232344,"I have had great experience with Dr Patrella, David, and Shelby but the staff is another story.
The staff at this office is rude, not helpful, and not very kind. They always seem to be in their own little world. In 10yrs years I have been going there, I swore I would never go back because of the STAFF, but I wanted the best Doctor/PA care around. I guess if you want the best doing surgical procedures on you then one must deal with the sour apples that he employees. It's a real shame. Staff 1?",100508685,HG
1524296,Dr and staff were very nice and reassuring,100350810,HG
4173007,"I am a physician and your clinic and care is first class. Very welcoming, friendly, and knowlegable staff.",100954531,Vitals
1751023,"Dr. Laddu was wonderful- not only was he able to diagnose a very rare condition in my husband in 1 visit, he saved my life by detecting that I had blockages in my arteries when other doctors told me that I was suffering from anxiety. I ended up having bypass surgery, so he really took my symptoms seriously. He is very thorough and dedicated to his field. We owe our lives to the expertise of Dr. Laddu and would certainly recommend him to anyone.",100401808,HG
3481866,Dr.Sauter has been my doctor for over 20 years & delivered 3 of my children. I trust him with my life!,100797049,RateMD
4939478,"Wonderful as always. Definitely. Best doctor I have ever had. Janice,my nurse is wonderful as well. I'd recommend them to anyone and everyone. Thanks so much.",101129415,HG
57716,He deserves 0 stars. He did not step one foot into my sisters room while she was in the hospital. His PA would come once a day to relay what tests he wants to order. When we requested to see him to speak with him we were told hee would come by the following day and he never came. How can practice medicine without ever seeing the patient? Never doing a physical exam? Pure laziness and shameful behavior. He should have his license to be revoked.,100012622,HG
54568,"I am very pleased with Dr. Kotak as my primary care physician. He is extremely thorough and never rushes me thru an appointment. He has excellent personnel who are thoughtful and considerate. They have excellent folliwup on tests that need ti be completed sending out reminders, not just one but several reminders. I would recommend him highly. He doesn't engage in small talk but I feel that is not his personality but he is well aware of my health problems and I know he cares.",100012051,Vitals
1619181,Dr Sarfarazi saved/changed my life.  Listening to him and experiencing his knowledge and craft made me quit smoking cigarettes which was a habit of 45 years.  It's been a little over a month and finally smoke free.  He goes WAY above and beyond to help his patients which I've never experienced before.  He's tops in my book  A++,100369889,HG
3943423,My husband has been a patient of Dr. Elkind for 15 years. He is very thorough. He is kind and understanding. He listens to his patients. I absolutely trust Dr. Elkind with my husbands health issues.,100906258,Vitals
2062049,"Dr. Avery was/continues to be very compassionate, patient, and incredibly easy to talk to.",100472271,HG
4843372,Excellent dr. Figures out what is wrong follows up maintains. Very caring individual. Helpful with questions.,101108491,HG
373319,"Dr. Nauer is great, but her support staff are not. As an example: the doctor scheduled me for a cardiac test, and her two female staff giggled through the entire procedure. One of them accidentally struck me in a particularly sensitive area. She apologized for striking me, but not for laughing throughout my procedure. Afterwards, the technician told me, ""Well, you have a mitral valve prolapse."" I knew that--that's why I had the test. I can only conclude that there is little communication in this office. Another example of how rude the support staff are: When I went to the reception desk to sign in, the extraordinarily loud receptionist announced in her outside voice, ""You still owe a fee from your last visit."" I told her in a polite voice, ""No, I do not."" She decided after several minutes that, ""It's OK, I just applied it to this visit."" My co-pay was the same so instead of admitting she was mistaken, she made that odd statement. I don't mind if people make mistakes--we all make mistakes. But at least announce to the rest of the planet that your initial implication was wrong. I also heard another receptionist berating her co-worker for being a slacker--it seems inappropriate for patients to overhear this. Another example: After taking my blood pressure, Dr. Nauer's male nurse asked if I was sick. Yes, I had a cold. He promptly left the room. I later discovered that if you have a cold, you may temporarily have higher blood pressure than normal. But he did not volunteer this information, which was a little worrisome for me as the patient. Naturally I wondered if I was more sick than I thought.",100082447,Vitals
3783914,"The worst staff and I don&#39;t understand how she&#39;s in practice.  Worse if you want to call her a doctor that I&#39;ve ever seen or heard about.  She rips you off, calls you crazy, and thinks she is the almighty God.  She is a quack and my entire family stopped going here.  At first she acts like she cares, but it&#39;s all a facade to get you to trust her. Don&#39;t waste your time or money!!!!!! Wish there were negative stars.",100863529,Yelp
4156628,I first thought she was a good doctor but the more i got to know her she was very uncaring and not professional.  She never told me how my weight gain was going (good or bad)and rushed out before she had to answer questions.  Then I had my son who was breech and she had me have a c section which was on a major holiday which she scheduled it on. I was the only patient that day and it was early in the a.m. and she talked the whole time during the surgery about how she had to go to several partys and family functions that day and how she didnt like someone in her family. Then she cut my sons leg with the scalple and tried to say he was just bleeding from me but we later found the cut.  Then she left and I didn't see her again.  I went to her office to get the staples removed by her staff she was to busy playing with her kids in her office to do it.  They told me I hadn't been stapled up all the way and I would most likely get MRSA which I did.  They wanted her to look at it and she litterally poked her head through the door not even coming in and said oh you may get an infection then left and shut the door while I was in the middle of asking a question. Didnt perscribe antibiotics to help catch an infect. 2 days later I was back where her nurses who used no gloves scraped my wound with a scalple without numbing it first and said I had MRSA.  I spent over 3 months every single week at Mercy wound clinic getting my wound scraped and probed.  I would not recommend her to take care of a cat let alone a preg. patient!,100951431,Vitals
2480418,"I read the other reviews and to address the complaint that Dr. Kressel takes many calls; he is THAT in demand.  He helps THAT many people and is wiling to give the his time if they need it.  When it is you or a family member calling in a panic, you will be very glad that he does answer the call!  He helped my mother live 2+ years longer than the most optimistic prognosis.  Worth every second we waited while he helped another desperate family on the phone.",100568568,RateMD
4139218,"Dr Krost, attending my self after dramatic accident his Stuff and Assistants have excellent service. 
 
Ilana Gucovschi",100948708,HG
1339494,"This Doctor doesn't really care about the patient, he acts like you are taking up his time. I went to him in 2015, told me I had arthritis and my right hip joint had lost some of it's padding. If the pain gets worse they can give me a shot, that was his recommendation. Well after over a year I decided to go to a different Doctor and was shocked at the X-rays he didn't show me, one hip higher than the other and the spine is crooked. Now it's time for surgery.",100304005,HG
49072,"He's the best! He cares, he pursues until he finds an answer, he follows up! Also, he's a very bright man.",100011112,RateMD
1615378,"I recently started using Dr. Benson and I couldn't be happier. He is very caring and really helps you when you need it most.  He is also very honest and has your best interest at heart. I'm so glad I found this doctor. The office is also great, they try to help and always handle things professionally, couldn't ask for more!!!!",100369232,Vitals
2088837,Thank you for the excellent care.,100478911,Vitals
1690730,Dr.Hill is an amazing doctor throughout the whole process he made sure all of my questions where answered and that i understood exactly what was going on through explaining it verbally as well as visually by showing me what was going on with my back through my MRI and by using one of their office spine replica things. overall absolutely amazing doctor and surgeon.,100386657,HG
491563,"Dr Sternberg has been my trusted advisor and doctor for fourteen years, as of April, 2012.  His bedside manner is outstanding; He listens, repeats back what I said, then responds with an effective answer to my condition.  I am treated for bipolar disorder with medications prescribed by Dr Sternberg; He is quick to respond when medications become in effective and need to be replaced with a different medication.  He is my trusted advisor, my doctor, and my advocate.",100110851,Vitals
3831319,After seeing Dr Jackson I am now able to sleep through the night and perform many of the tasks I need to do in my everyday life.,100875222,HG
1731174,Excellent experience would recommend him without reservation,100395571,HG
4532994,"Dr Schumacher is caring and listens to your concerns and answers all your questions.  From Beth, to the front and back staff we have found a solid team to care for our family.",101038384,Vitals
3476389,"He is what every one wants in a doctor kind,compassionate,respectful. He truly listens to you and during your visit you have his complete and undivided attention. All rare qualities these days if your looking for a cardiologist you couldnt get better than Dr Granquist.",100796068,HG
2781079,"Very professional caring and knowledgeable. I felt comfortable and safe with her as my doctor. But her front desk staff is not as professional as she is! If I didn't like Dr. Gil so much I would not go back. The front desk girls always get things wrong, don't explain things correctly and I always leave frustrated .",100634630,HG
1084383,Dr. Tran really cares about her patients.  She takes the time to make sure she treats each one properly.,100248510,Vitals
1634595,"Fixed me right up. On time, very nice, perfect! This is how doctors should be.",100372850,RateMD
4429571,"In this visit and last ones with Dr.Jones, I always felt listened to and given options for treatment with clear explanations. I never feel I am being rushed",101015044,Vitals
1947847,"Great provider, great staff, highly recommended!",100449056,HG
2573099,"Dr meena md treated my father in law for diabetic retinopathy,she ist explained us by colored photographes of retina,that how hard exudates of diabetic retinopathy will disappear by laser surgery,that removed all the fear of laser therapy from our mind,now he feels better ,all because of dr meena the best dr i have seen.",100590621,Vitals
3031529,"It was this morning so I'm not back to normal yet, but the surgery was so easy.  I was awake.  Everyone, including the doctor, told me what they were doing every step of the way.  I used the courtesy van and enjoyed talking to the driver also.  

I am glad I chose Dr. Desai.  He's a very professional and pleasant person.  I had no fear once he started working on my eye.",100695596,HG
2468637,"Dr. Boutros takes his time to explain the options with  patients. I never feel rushed when I visit. When I first came to Dr. B, I was 40 lbs overweight and had constant and obvious breakouts across my face. In one year I lost the weight and my skin was never as clear as it is now. I wish I had found Dr. Boutros much earlier.",100566556,HG
2352102,"DCouldn't have asked for a better   any surgeon. I found Dr Hey after researching the net for months to find the best revision adult scoliosis in the country. I read about his background, reviews and everything else before I decided to have my 4th revision surgery witn him. Since the surgery with Dr Hey in 2005 until last year, I lived an active life that I never thought I would. I did Zumba,and ran marathons in my fifties and now sixties.",100538859,HG
2964757,He is very thorough.and professional.willing to explain in detail what has to be done and how he does it.I had a melanomia that had to be surgically removed.He handled all of the paper work for me and my surgeon.He has also removed several skin lesions from my face and left no scarring.Highly recommend.,100680333,RateMD
4163823,I have seen Dr Valente for several years for lower back pain. Recently the epidural was not effective. Dr Valente tried another approach. He is relentless in helping to solve patient's pain.,100952672,Vitals
3412767,"Dr. Dwight is not only competent but extremely dedicated.  She explains conditions and options in a professional and accessible manner showing great respect to her patients.

I would recommend her to everyone.",100782467,HG
384627,"I am very satisfied with Dr. Hemmersmeir, I have referred several family members to him and they are as happy with Dr. Hemmersmeir and his staff I am.",100084459,Vitals
2006432,"Dr. Arie Rosen,most outstanding doctor I have ever met.His surgical expertise is without reproach.He extracted a lower lobe parotid tumor two weeks ago leaving me with little scaring, no loss of blood and no nerve damage. My office waiting time was less then 10 min.He was most cordial and extremely informatve about my medical situation.I truly feel he has prolonged my life",100462687,Vitals
3955017,"I came into his office on a Saturday aftercare visit because my regular doctor's office was closed.  I met Dr. Dela Llana and I knew then that he had to become my family doctor. I switched immediately & he has been the best doctor I have ever had, sitting down to talk to me and spend that extra time if needed - not trying to rush out the door.  He takes the extra steps to seek 2nd opinions and get the tests that you need to make a good diagnosis.  Very pleased to have him taking care of my family's health.",100908345,Vitals
3155416,Makes mistakes that are costly to your health.  Does not listen to patients.  Many things such as lab test results get over looked. Resulting in conditions going undiagnosed for long period of time,100722987,RateMD
2480692,"Excellent oncologist - Very knowledgeable and easy to talk with..  Does a great job explaining how your cancer works and how they plan to attack it, what the choices are, and why she recommends a specific approach versus another approach..  Great bedside manner - and she has a great team.  Highly recommend!",100568628,HG
4278849,Dr. Zheng was super professional and staff was helpful with my concerns. I'm an ex-patient of Dr. Kung's and would recommend Dr. Zheng to anyone in a similar situation. I got my medical records fast and my procedure went super smoothly since Dr. Zheng had already reviewed my medical history. Thanks Dr. Zheng!,100978332,Yelp
3479663,"Dr. Tittle is one in a million! The time and attention he gives you is exceptional. He is so talented at what he does. It feels like magic you look so good after Dr. tittle is done with you : )
The best part about Dr. Tittle is his infectious positive personality!!!   He has hired staff with his same positive attributes.  It is such a warm and welcoming experience from the time you pick up the phone (Lori Campbell""s voice is like an angel) to everyone you come in contact...",100796648,HG
477464,Very compassionate and takes time to listen. She is great.,100108581,Vitals
777617,"Had Dr. Kantor perform surgery to replace knee.  Area became infected, but he did not appear to want to deal with any problems.  He tried to blame me, the patient, for the infection that was obvious from shortly after the surgery, and kept postponing any action.  I finally had to go to another doctor to have problem corrected.",100175972,RateMD
4665714,"He gave me very contradictory information between visits, then was rude when I expressed confusion. (I think he thought I was questioning his intelligence so he tried to make me feel stupid) When I tried to clear up the miscommunication and explain my confusion, he simply ignored me and left the room while I was mid-sentence - completely left my husband and I dumb-founded. It was already an emotional time for me as I was learning about abnormalities found in my brain scan. Extremely Insensitive.",101065997,HG
3885220,"It was my first time at a gynecologist and she was extremely condescending. She acted as if it was her way or the highway. When I explained that I did not want to be on the pill, she dismissed me completely. I did not feel better about my situation at all after leaving the office. I have never felt so uncomfortable or so looked down upon. Definitely chose the wrong person for my first visit!",100888053,Vitals
3272501,My impression was very poor.  His office is cluttered like an old kitchen and he orders test that are routine and not necessary in my case.  I never went back after my first look. He just walked out without comment,100748576,HG
1565537,Great doctor. I was in and out for my lasik procedure. I recommended Dr. Poulson to my friends and they went to him to get their lasik procedure done as well.,100360290,Yelp
1784431,"Lived in Fort Smith for over 15 years and finally found a doctor for our family.  Easy to get in, wonderful patient information and we feel as a family that we are getting great care!!!!!",100407725,HG
3049021,"Avoid this group.  I called to make an appointment for my teen daughter with WellPsyche&#39;s female board certified adolescent psychiatrist.  I identified the psychiatrist by name on my initial call.  I received enrollment forms, completed them with all the personal, confidential information required and submitted them.  After that, I was told that the psychiatrist was not accepting new patients but that another psychiatrist was accepting new patients (a male who is not board certified in adolescent psychiatry), or my daughter could see one of their &#34;amazing&#34; nurse practitioners who can prescribe medication.  I&#39;d expect conduct like this from a used car lot but not from a medical group.",100699438,Yelp
593829,Dr. Tam was the surgeon on call the night I was taken to the hospital in need of surgery.  He was very direct but knowledgeable and there was no time to be other than direct.  My surgery was successful.  The followup care was exceptional.  I would recommend Dr. Tam to anyone!,100134544,RateMD
4859805,Greatest doctor in raleigh,101111166,HG
2419214,"Dr. Narain and his staff are friendly, knowledgable and compassionate. He was first recommended to me when I developed a serious condition that could affect my eyes as well as a potential retina tear. He spent a lot of time with me, explaining everything thoroughly. I went to him again last year when a different doctor told me that I was at risk for glaucoma in one eye--and who told me I might have cancer in one eye. He and his staff performed a myriad of state-of-the-art tests and he confirmed that I was not at risk for glaucoma nor did I have cancer. This week I went to him because I awakened with a swollen eyelid and pain when blinking. They fit me in right away even though it was a busy day. He reviewed all my history, described in detail what the problem was and gave me a plan to correct it. This doctor and his office maintain a high level of integrity and care about their patients. Dr. Narain will tell you the truth--so if you don't want to hear it, he's not the right doctor for you. But, he is kind and compassionate and has trained his staff to be the same way. I couldn't recommend Dr. Narain and his staff more.",100553863,Yelp
3282536,"I saw Dr. Ghosh as a 2nd opinion because my primary  told me how wonerful she was, and I cannot agree more.  My 1st urologist - without an appropriate evaluation - recommended surgery for me that I ended up not needing!  in fact, Dr. Ghosh diagnosed me with a completely different problem after her careful workup and now I'm better thanks to her diligence! i am so thankful.  She is one in a million.  Her staff is amazing too. Everyone in the waiting room was talking about how they love her. A+",100750590,HG
499074,"DON'T WASTE YOUR TIME!! After leaving messages for over a month,  I finally get a call back and was told ""you have madicare/Medicaid.  I'll have to see if the doctor will accept you.  I'll  call you back"". That was a week and a half ago.  The person I spoke with was rude and condescending.  I thought doctors took a Hippocratic oath to help people not decide if she'll make any money.  Rude staff and snobby doctor deserve each other. I'd leave No Stars if the option was available.",100112092,HG
1332913,"Every time I went cause my baby had fevers he always blamed it on the allergies. We always wait more than 2 1/2 hours +, one of the times I arrived at 1:00 (was not one of the last to arrive) and we were the last patient to be seen we ended up leaving around 6:30. This past time my daughter got her ear pierced and my daughter ""got a hold of the trigger"" and pulled it piercing it wrong so he had to pierce her AGAIN on the SAME EAR. Mind you my daughter is 15 months old and I had mentioned to the aid that if she was unable to hold her down to just not do it. My daughter is traumatized for two weeks she's been crying in her sleep and is extremely attached will not leave my side. You need a sympathetic doctor that will treat them like he would his own. This is not the case. I'm furious.",100302725,Vitals
479800,"He always listens to me., He has been a great doctor. Never pushing anything on me.",100108889,Vitals
3624234,"I had De Quervain's tenosynovitis which had also caused issues for the the carpal tunnel neve on the left wrist and hand. Dr. Otto diagnosed the problem operated on my wrist/hand fixing it.  I rate her highly, though admit she would rate ME as a most lousy patient, embarrassingly low threshold for needles and cutting!   She seems a most excellent surgeon AND long-suffering with fellows such as I. I would call upon her for any such physical setbacks in the future (hopefully never, of course!)",100826827,HG
2459321,"If I could give him no stars I would. I was diagnosed with RA about 4 years ago and he would belittle me when I said I was in pain. He would say I am young and  older people have worse cases than mine and just made me feel like I was a hassle. Then I had a fall and we got it on video and everything.  I made an appointment with him because I was in so much pain. He did an ultrasound and said he saw blood pooling up and he SENT ME HOME TO TAKE A BATH! 3 years later the pain got worse and I went into upper valley because i refuse to go to this joke. They ordered me a MRI and i have not one but two tears in my rotator cuff and have to have surgery.  He doesn't care about his patients,  he would have me come in sit me down ask me questions that he would completely blow off how i felt then send me on my way. We have decided it's better to drive 4 hours for a real doctor than 5 min for this joke!! Glad I paid him for absolutely nothing. DO NOT BOTHER SEEING THIS...""SPECIALIST""!!!",100565103,HG
1645364,One of the best surgeons in the  area.   Highly recommend  her.,100377611,Vitals
4438506,"Dr. Pantoja is a &#34;ASSHOLE&#34; who is very under educated in this field &amp; he is very rude, his office help are BITCHES (call there, the lady answers the with &#34;doctors office, please hold&#34;) then goes back to what ever miscellaneous thing she was doing like, putting a new bottle of hand sanitizer on the counter, while the patient is on terminal hold! They all suck.",101019683,Yelp
2417721,I have been seeing Dr. Romness for almost 30 years.  I have always been given great care and been able to be active and ride my horses .  I can not recommend a better knee doctor and surgeon.,100553558,Vitals
3428830,"Excellent doctor and very Knowledgeable! I have been seeing Dr. Scumpia for over a year. I was very ill almost died and she knew exactly what was wrong how to treat it , and get me back on track. I will be forever grateful.",100784989,HG
3089083,"I am a highly anxious person, and Dr. K put me @ ease almost instantly.  He is very meticulous in ensuring that everything is symmetric and looks just right, AND makes SURE you feel no pain.  I ove the fact that I asked about a couple extra thigs, and he was honest enough to say ""I really don't think you need that.""  He could easily have just done it and taken my money, but that's not the kind of Dr he is, which makes me trust him that much more.  Great bedside manner, VERY sweet office staff, and comfortable office space.",100708861,HG
2955035,"Dr. Los is very thorough, asking questions and really listening to my answers. He is easy to talk to about my health concerns!",100678957,HG
681404,"I was looking for a new Pediatric Cardiologist for my 3 yr old daughter. Our Pediatrician recommended Dr. Levchuck. We went to the Babylon location last month. From the moment we walked in I could tell it was going to be a good experience. The front desk ladies were very sweet. The tech was so delightful and a pleasure to talk to. Dr. Levchuck was so caring, personable and calming. I only wish we would have starting seeing him from the beginning. I can't express enough kind words for the entire staff!",100151569,Vitals
805053,"I would like to suggest that Dr. Lau exhibit some friendliness. He was cold and not personable. I felt like I was treated as a medical specimen instead of as a human being. I asked a last-minute question as he was leaving and he seemed annoyed as he quickly glanced over his shoulder, barely answered the question, while not stopping to see if I understood. He is obviously competent as demonstrated by his record, but needs to improve his ""bedside manner,"" if you will.",100184437,HG
2297142,We waited 5 hours to be seen by him only to have him yell at my mother.  Why doesn't someone look into this Dr. Who has so many older people there and sees them once a month  There is nothing wrong with my mom and grandmother yet he wants to see them once a month    What does he tell Medicare? What illness does he make up so they will pay him. Disgusting,100526259,RateMD
1021941,Dr. Al-Nabhan is a fabulous physician.  He was able to diagnose and treat my lung condition when no one else could.  I live a very healthy life because of the committment and care he gave to me.  His bedside manner and attention to my needs was exceptional.,100235445,HG
3398521,"My total hip replacement went very smoothly.  Dr. Dingle's specialty is hips and knees and I expect to give him the opportunity to replace my knees some time in the future.  He is pleasant, patient and took whatever time was needed to answer my questions.",100780286,HG
4725387,"Wow. So I never thought I would review any kind of medical practice but I had such a pleasant experience here that I just felt compelled to share. 
Not to bore you but I am a miserable patient. Medical settings make me horribly uncomfortable, my anxiety spikes, and I find myself covered in sweat, asking a lot of questions and actively avoiding letting them do their jobs. This goes for everything medical from dentists to routine physicals or even checking my own blood pressure at home. It's simply not my element. 
So here I was on my first visit to an ENT and honestly I was embarrassingly distressed. That all changed when I walked inside. The facility is very clean as you would expect but the aesthetic is somehow comforting/home like. Everyone I encountered was very pleasant and professional but I have to call out two specifically for making me feel calm and at ease. 
Emily Holbrook FNP-C and Dr. Foster were absolutely incredible. They were very clear about what we were doing, why we were doing it and exactly what I would experience. They took the time to answer questions, assuage my neurotic fears and make me feel confident and comfortable that I was in good hands. 
All in all I can't emphasize how impressed I was and how much I recommend going to them should you find yourself needing to visit an ENT office. For the first time in my life I actually look forward to going back for a follow up and that's saying a lot.",101079012,Yelp
3355775,"I started seeing Dr. Hedayatina over 10 years ago. He was very professional and thorough on my first visit. He explained the procedure before and after. He is the first doctor I had who was gentle and thorough. I was very nervous in the beginning but, Dr. Hedayatina's assurance made me feel more relaxed and trustful. I ask many questions when I'm not sure of something. He answered all my questions with confidence and he also gave me examples so I would understand better. He explained the medical terms  easily to know exactly what just happened and long term affects if any. Dr. Hedayatina is my hero and should be in the Hall of Fame.",100769621,HG
3193577,"Our mother has been in excruciating pain since her fall on Oct. 26, 2019. Kyphoplasty on May 12, 2020 did not provide any pain relief. On Aug. 5, 2020 Dr. gave our mother a steroid epidural which has been a blessing. THANK YOU, Tammy V.",100732520,HG
669144,Dr Munir was wonderful...very patient and very kind...so glad I was referred to him,100149451,HG
2865116,"I have been seeing Dr. Simanovsky, now for several years and he really has helped me get to a better place.  Very kind, compassionate and logical, and his nurse Monica is amazing. 
If you are looking for a physician that is easy to get into, also is available for Urgent Care and will keep it honest with you; then this is the Doctor for you!",100655667,Vitals
4448551,"I would never recommend Dr. Rakesh Menon. If you choose to have your child in his care, you will be highly disappointed. He ensure that the physician assistant see all of his patients. Most of the time I brought my son to his office he never saw Dr. Menon. My last visit showed me that he has no compassion. My son and others were told he is in and will see patients. While sitting in the exam room with my sick son he advised the medical assistant to transfer us to another room to see the physician assistant. I was furious informing we were told he would see patients. She went to ask him again, and he said he was in a meeting. I was told by others he always say that while sitting in his office doing nothing. I asked to have him complete my son form that has been there for 2 months. Imagine they still have the nerve to charge fee for form completion. I immediately decided to choose another PCP and that was my best decision. Now I know my son will always see his pediatrian, be in the best care, and not a physician assistant.",101021196,Vitals
2995164,Yes bed side manners are only one of a kind. You are not just a paitent you are a person. He calls you by first  name. We have told all of our freinds and family.,100686357,HG
334008,"I love my doctor, I never looked forward to injections in my life but NOW I DO! I love Sarah she is a sweet heart and explains everything to the T! DR. Shahid does my injections and I love Debbie at the front desk.",100072838,Vitals
4049977,"She is a wonderful person, she is very caring, bright and thoughtful. My husband had had open heart surgery under her supervision, and he was so pleased with the result, he was off the bed on ICU 2nd day after surgery, and we are so thankful to choose her for this operation.",100927980,Vitals
2273879,Very intelligent  and was happy to answer  all my questions.   Very knowledge  and very kind.,100518266,Vitals
1226105,"Dr Hall is the most down to earth and compassionate dermatologist I ever met. She listens to you, takes care of your issues and has you back right away for a follow-up. I highly recommend her...",100278015,HG
4574571,"Staff was wonderful, very friendly, made me feel at ease.",101048226,Vitals
1519585,"Dr. Loeb took expert care of my mother for her knee replacement in June & just today saw me within 8 hours of calling his office & took care of my knee. He has an amazing staff, & Mark Marcewicz PA is exceptional. One of the smartest & skilled surgeons I know, I would highly recommend Dr. Loeb for your orthopedic needs.   

Jeanna Davenport CRNA
Anesthesiology Associates of Tallahassee",100349999,HG
4272670,"I&#39;ve been going here for years, but I feel like the customer service has been going downhill lately.  It can take a while to actually see the doctor, but that can be expected when dealing with this kind of doctor and things (like delivering babies, etc) come up.  My bigger issue is that the practice has gotten so big I just feel like a number.  I&#39;ve had some very friendly nurses, and some cold and not so friendly nurses.  I&#39;m asked the same basic questions by nurses and even my doctor that make it clear that not only do they not remember me from year to year, but they don&#39;t even take 30sec before meeting with me to review my chart.  And lastly, it is almost impossible to get records from this office to other doctors.  I have gone thru all the hoops and medical releases but still the records never get sent until my other doctors call and ask for them.",100977087,Yelp
4057998,"Dr Jatla did a great job with my cataract surgery!  She is very patient, caring, and she explains things very well. Very happy with the result!",100932140,Vitals
1566557,Very Caring. Informed me of all options available to me. Very knowledgeable. Spent time discussing my case with me and my family. Professional staff. Great follow through.,100361390,Vitals
1978884,Dr. Newman has been my obgyn for years. She&#39;s definitely quirky but has tons of knowledge and is thorough during her appointments. I&#39;ve had nothing but positive experiences being a patient of hers.,100454400,Yelp
2975288,Excellent. Doctor Gitu was fabulous. Staff great,100681983,HG
4925932,I had a bad injury in 1984 almost lost my left arm. Dr Tross saved my arm after many skin grafts. I still have use of it today. I am grateful. David Davis. Salisbury MD..,101126310,HG
2131994,"I am currently in my second trimester and i absolutely love Dr. Tong. She is very personable, has great bedside manner, has listened to any concerns I've had without judgement,  and i feel very safe in her care. So far- can't say enough good things!",100486205,HG
12156,"I am so thankful for Dr. Nitti and his team.  After meeting with a few different specialists, I choose him as my doctor because he was honest but optimistic about treating me and my recovery.  He is very kind and easy to speak with which is hard to come by with doctors.  Would recommend him to anyone!",100005174,HG
615952,"Dr. Sofen is friendly, caring, talented and charges reasonable fees for his services.<br><br>He doesn&#39;t try to talk you into unnecessary treatments.<br><br>His staff is great, too.  They sell quality skin care products but do not force them on you.<br><br>Highly recommend.  It takes about 3-4 weeks to get in, the only downside, but worth the wait.",100137745,Yelp
1903516,"First, I went to Dr. Mendelson because of a referral and that he would be one to help restore my sense of taste. He appears to be all about running his patients through w/o any specific care for the outcome. He basically saw me in his office, did not lay a hand on me. Just asked questions about my taste loss and said ""well you know you as we get older we can lose our sense of tast.""  No tests, no exam, no nothing!! I am in my early fifties and something recently caused me to lose my sense of taste. Oh, you have Hypogusia...""What???  Yes, that was it, and the appointment was over and he was able to dictate in front of me the medical diagnosis he would be billing the insurance company.  So many doctors in this world and it is so hard to find one who really cares and wants to help. Dr. Mendelson, in my opinion is not one of those doctors. Highly do not recommend.....",100438383,Vitals
2672605,Horrible doctor! Wrong diagnosis and every appointment (3) always asking about my sex life! Creepy!,100610057,Vitals
2948769,"I've never been seen by Dr. Lara however, I've know him since kindergarten and we grew up together through high school as well. In knowing him all those years I've known him to be a very sweet, caring, sincere and gentle  individual. I was online looking for another physicians and Dr. Michael Lara's name popped up and noticed  a couple of reviews. We are all human and at times don't feel well or had a bad day for whatever reason. His demeanor may have been due to something else happening in his life and possibly came across a rude or standoffish. It happens, maybe you should give him another chance and not judge so harshly. He's a person of integrity and respect. I enjoyed being friends with him throughout the years. Respectfully,                             Yamira Anna Diaz",100677991,HG
323569,"Very kind, listened to you, explains everything, has the world of patience, makes you feel at ease, he's not just a doctor but a caring person and gives you his time...he does not rush you out of his office.",100071028,HG
2816876,"LOVE Dr. Tinker.  I had a miscarriage last week, and I could not of gotten through it without his compassionate bedside manner.  He walked me through all the options and answered all my questions.  He stayed with me for over an hour until my husband arrived.  Such a great doctor!!!!",100644282,Vitals
4640477,"She was very clear and concise, she is extremely friendly, and the office experience was clean and quick!",101061738,Vitals
1642834,"Dr. Lee uses formula weight charts and formula bottle amounts in her recommendations, even when babies are exclusively breastfed.  She needlessly worries breastfeeding parents about weight, even when other pediatricians and lactation consultants agree the weight gain is appropriate.  She quickly moves to suggesting formula or solids rather than supporting breastfeeding and trying to troubleshoot within supporting breastfeeding.  A pediatrician obviously should have the growth of the child as the first priority, but this should coincide with supporting breastfeeding, especially when that is the parents' clearly stated preference, and all medical research and evidence supports breastfeeding as best.",100377174,Vitals
3268894,"Has had recent turnover in front office-new booking receptionist has terrible attitude, and acts as if the Dr. is the pope. After 2 years moving to a more customer service based office, and a doctor who does not constantly snark and put down patients.,...",100747927,Vitals
2469481,"Compassionate, professional, effective, knowledgeable.  I am a retired Firefighter/Paramedic, and Dr Reed is GREAT!",100566713,Vitals
1797505,The whole experience as been good from scheduling to having the tests done.,100413141,HG
3212475,"I&#39;ve been a patient of Dr. Safvati for almost three years and my experience is always excellent. Ella is incredibly accommodating and helpful. Everything I need, from re-scheduling to helping with the updates of my health insurance (which is always an ordeal), she has always makes me feel like I am their one and only patient. <br><br>The Dr. is also always very personable and welcoming. Very on top of my concerns, and my progress with medication and daily activities for my health. <br><br>So very thankful with them and 100% recommended!",100735233,Yelp
757833,"I have been going to Dr Tong for 15 years. He is very thorough and spends as much time as necessary. He never rushes. He as very good staff, they are always nice to me. 
He is very busy and last minute appointments can be a challenge, 
and expect to wait a bit, He is no worse than any other doctor. I don;t mind the wait is worth it and I budget my time accordingly.",100171790,Vitals
4615512,"Dr Obey is superb! She is extremely thorough. She listens to you & tries to find the best & least invasive option to help. When she is attending to your healthcare needs you are made to feel like you're only patient and she tailor's your care to your individual problem. She does not use a cookie-cutter approach to medicine because she is just that good. That is what individualized healthcare is all about people! I understand that not every doctor is the right fit for every patient, but I've seen many doctor's in my lifetime, but not many as brilliant as her. She has a great bedside manner & has always made me feel at ease. She is extremely ethical and will always do what is in your best interest. In this day & age you can't just trust what doctors say without the demonstration of trustworthiness. Dr Obey has always done her very best for me & I trust her with my life without reservation. I travel from Kaufmann Texas which is an hour away because she is worth it. Dr Obey is simply FABULOUS!!!!!",101054657,Vitals
131873,"Highly recommend Dr Ong. I was was seen by an other doctor , but that visit did not solve my problem. She is a good listener and was able to found the real cause of my symptoms by ordering the right blood-test. Referred me to a specialist. I have received the proper treatment after my diagnosis and fully recovered from a possible life threatening condition. Thank you Dr Ong.",100026974,Vitals
4190007,"This doctor out of many different doctors over the years. From different types of specialties from neurology to psychiatry. This doctor is more concerned about her business and prescribing medications right away. After one year of seeing her and using her medications, it feels as though the depression and anxiety, as a result from the epilepsy, has gotten progressively worse. I even mentioned this to her and just continued to raise the mg's of the meds. There generally was a decent amount of time to wait. About 20-30 minutes, guaranteed. 
If you intend to feel better I recommend a different Pschiatrist, in my opinion.
She clearly loves her prescription pad, she is really fast to write a Rx for drugs such as lithium. Which is a horrible drug to try and prescribe to patients. No my 19 years of seeing different doctors. She has to be one of the worst and impersonal doctors.",100959877,Vitals
2475286,"Dr. Romanelli and his team provided me with the best experience I could of asked for. From the first consultation, I felt very confident and safe in Dr. Romanelli's hands. They want you to have the best possible outcome possible, and do not push for anything you do not feel comfortable with. He talks you through everything, listens to what you want while also being honest about what is realistic for your unique body. He gives you the space to think about your decision without pressure. The surgery itself was smooth and easy. From him, to the nurses, and anesthesiologist everyone works together to make sure you feel as safe and aware of what is going on. They repeatedly checked in on me before and after the surgery. I am writing this three weeks out with the boobs of my dream and I am really grateful to Dr. Romanelli for such a happy experience. I absolutely recommend him and his practice, they do beautiful work and are very experienced.",100567671,Vitals
4129182,I have attempted to call and speak to a supervisor regarding this inaccurate bill and have not received a call back.  I have paid this ONLY to keep my credit superior.  I will be reaching out to the BBB as well as CMS regarding the fraudulent treatment that was given.  Your physician group made a CHOICE to treat me in the hospital KNOWING you were not par with my insurance plan.  NO ONE  came to me and asked my permission to be treated by a physician not in my network.  As a health care professional I am fully aware of my rights and will be pursuing action.,100944568,HG
729945,"Saved my life and my leg., In 1991 I was diagnosed with cancer. My tibia
was surrounded by a tumor, ostiogenicsarcoma, 
which is very rare in 40 year olds.  It was removed and I was given chemo for months.  The team of surgeons, oncologists, etc. saved my leg from amputation and my life.
     In 2004 and March 2021, Dr Jones replaced worn and broken parts in my leg. I am recovering at home and doing well and I'm so glad to have had the confident hands of Dr Jones for the past 30 years. Gene F.",100163404,Vitals
24385,"Referred to Park West emergency room for seritonin syndrome work up per Peninsula. Dr. J Robinson treated me with respect from beginning to end. Listened to s/s (was experiencing difficulty putting them into words), yet allowed me the time it took to explain. Was empathetic, showed concern... after assessing and ordering labs, he felt it was best to admit and evaluate me for a few days.

Going to an emergency room is unnerving to say the least, yet Dr Robinson made me feel at ease.",100006882,HG
4123573,"Avoid her.  If you voice any conservative  sentiment, she will harshly criticize.  She is Nigerian, speaks with a very thick accent, and very left leaning.  She bashes President Trump and has an anti-American bias. I've tip toed around speaking about anything topical and controversial, but been thrusted into nasty interchanges where I end up defending America to her during our appointments. she basically told me any trump supporter is a racist.  If you bring up the subject of ""America "", she will argue why it's America's role to take care of the world.  If you are Pro-American, avoid this doctor. 
Example:  she harbors resentments until we meet again, and will be noticeably more nasty and curt. even her last greeting to me was nasty.   she asked how I was, I said, ""win some lose some.""  She goes, ""oh that's right, I forgot, you are always so pessimistic.""",100943149,Vitals
923099,"Dr. Lawrence is my  ear accupuncturist and he is absolutely amazing! A true pioneer in treating symptoms such as PTSD, insomnia, anxiety, lower back pain, etc. if you're tired of taking pills for ailments, you've got to try Dr. Lawrence and the wearable ear acupuncture needles!",100211345,HG
2277390,Dr. Buchanan is simply wonderful. She is a kind and compassionate Doctor that truly goes above and beyond for her patients.,100519136,HG
2603350,"Most down to earth & honest PCP I have ever experienced. I never felt rushed, she has always patiently listened, offered sound and honest advice, and has done whatever was within her authority to accommodate and work with me on any personal medical concerns. I'm disappointed she left Huguenot Primary Care and I will be following her to her next practice.",100595454,HG
4507528,"Dr. Hall and his staff have always been top notch, courteous folks. Dr. Hall was the first Doctor I visited who was interested in getting rid of all my ailments rather than treating me to live with, and deal with my symptoms. I will always be grateful to him and his staff.",101034252,Vitals
3045281,"I am not a patient of Dr. Pearlman, but just want to thank him for doing a pragmatic study of how to remove headlice [[ basically, you cover your head with hand cream, use a hair dryer to dry it into a hard suffocating cover around the lice, then wash off later in the day; repeat for a couple of weeks, no need to remove nits except so that others don&#39;t think you are carrying the plague]].  Anyhow, great work and finally some real data.<br><br>Now I want a study about whether, as I&#39;ve heard, that you don&#39;t have to wash and dry your bedding to kill remaining nits and lice, but only to put them in a dryer on high for 20 minutes.",100698242,Yelp
2128925,"Andrew Berman is a wonderful doctor. He helped my find a diagnosis very efficiently and made sure I understood my options for doing so. He was very kind, answered all my questions and always made himself available for any additional questions or concerns outside of visits. His staff is great as well, and regularly went out of their way to get procedures approved through my HMO insurance very quickly.",100485411,Yelp
33088,"My experience of 12+ years has always been good,  I can't think of a bad visit, and like others posting here, some decisions were life related.  He has my full confidence with his professionalism and medical knowledge.  A+++",100008410,HG
2364470,Dr roehrig is a wonderful and compassionate man great dr. Would recommend him to my best friends.,100540775,Vitals
2847330,I could not ask for a better experience.,100653002,HG
4257009,"Dr Gomez gives no eye contact during visit. Never looks at the patient, only the computer and floor. He does not allow the patient to express their pain or physical status. Spends  very short time in with patient. He was abrupt and had no compassion at all. I would not recommend him, he was cruel and left the patient in tears. Appointment was at 9:15 and waited 2 hours to see an unprofessional. unkind Physician.",100974064,Vitals
1738670,Dr. Fischman has been my doctor for the last 4 years. His bedside manners are exceptional. He is very easy to talk with about almost anything. He consistantly folows up on my treatment. It is usually vey easy to schedule a appointment.,100399915,Vitals
3391963,"We were on vacation and my husband suddenly experienced vertigo.   The hotel recommended that we call Dr. Garvey.   On the phone she was very patient and caring.  She suggested that he try taking a motion sickness, over the counter medication and it worked like a charm.   After sleeping for 3 hours my husband felt much better, the room had stopped spinning and we were able to enjoy the rest of our vacation.  Thank you Dr. Garvey!",100776850,HG
4167009,Dr. Elizalde is an exceptional Physician  - he is a great communicator - patient and clear when giving explanations and answering questions. He never makes one feel rushed and always has time for clarifying anything that is not immediately understood. I have sent three people to him so far.,100953252,HG
4641042,First off you you can't understand any thing he is saying. He thinks everyone has 8 years of medical school does not explain things so us common folks has any idea what he is talking about. his staff is the rudest I have ever had the unfortunate pleasure of dealing with. He needs to get a clue as to how to treat people with respect and dignity.,101061842,Vitals
2744292,"Charting did not reflect physician's history and physical, which was minimal at best.  Misdiagnosed and mistreated.",100628272,Vitals
552017,"I injured both knees two years ago, training for a marathon.  I always dreamed of running an ironman triathlon but suffered from chronic injury.  I made another attempt recently yet I could not handle even small amounts of running.  Both knees did not recover.  I found myself unable to run even for 5 minutes.  It felt hopeless and I was convinced that I was just not going to be able to run at all.  Despite stopping running, the pain did not get better.  I was worried that I would need surgery.  I am a physician and despite my medical training and experience with running, became extremely frustrated with myself, the injuries, and lack of good guidance.  I looked for an orthopedic surgeon who had experience with athletes.  I did not just want to be able to walk pain-free.  I wanted to run and ride my bike as often as I wanted.  I found Dr. Stetson&#39;s office.  When I walked into the office, I noticed all the large autographed pictures of olympic athletes on the walls.  I had come to the right place.  Dr. Stetson took my athletic endeavors seriously and I was happy that he did not write me off and say to give up on running.  An MRI showed a small injury to the medial meniscus and some arthritis under the patella.  Dr. Stetson said we should see if we can improve this with conservative measures and physical therapy.  I was appreciative of this conservative approach and felt better that we had a plan.  The subsequent few months were difficult.  I felt that I was making zero improvement.  I found out I had some major muscle weaknesses that were contributing to my pain.  I was neither running nor cycling, just doing therapy.  I kept doing the exercises.  By the beginning of the new year I started to notice some improvement.  I continued physical therapy on my own and learned to run again.  This is a hard part of recovery and requires persistence and retraining the way the brain and the muscles communicate.  I started running 5 minutes at a time.  10 minutes at a time the next week, and so on.  Dr. Stetson saw me from time to time and encouraged me to be patient.  I began to alternate swimming, cycling, and running.  I slowly progressed.  I still had pain from time to time but I felt that I wanted to give triathlon another try.  By this point I had built a small group of experts who got to know me and supported me: Dr. Stetson&#39;s team, the physical therapists at Core Conditioning, Lisa the massage and ART specialist at LA bodywork, and my training coach.  I began to struggle again with pain.  Dr. Stetson was confident we could get the pain under control.  His bedside manner is exemplary and he always remembered me.  He made good decisions.  I turned a corner last winter and was able to achieve up to 4 hour bike rides.  Soon thereafter was able to run for 2.5 hours at a time.  I was not certain if I was going to complete the ironman distance but I was happy, just happy being active.  As I got to within 1 month of the race, I developed some swelling behind my left knee and some snapping in the hamstring tendon.  Stephanie the PA saw me with no notice and was able to rule out any serious problem which reassured me that I was going to be ok.  In July, I completed my first ever Ironman triathlon: 2.4 mile swim, 112 mile bike ride, and a 26.2 mile run.  I had a fantastic race and finished the event with no problem.  Not only did I finish but I was able to run the entire marathon.  It was an unbelievable journey of pain and frustration where I went from not being able to run nor bike and then in 2 years finish an ironman with no pain.  I cannot tell you how good it felt to cross that finish line.  I returned a week after my race to Dr. Stetson&#39;s clinic to get an MRI of the knee and it was normal.  I learned so much from this experience.  Most importantly I learned that it takes an incredible amount of patience, knowledge, and support from many different people to help you through an injury.  While it may not be possible for everyone to run an ironman, people can and often do more than they believe they can.  People deserve to be able to move their bodies without pain and to have good doctors that they trust absolutely.  Dr. Stetson was in my corner from day 1.  I walked into his office and was prepared for him to tell me I needed surgery.  And I trust Dr. Stetson to operate on me.  In the beginning I was feeling very impatient.  I wanted a magic bullet to just make things normal.  Unfortunately life and the human body does not work so easily.  I have come to appreciate that what truly makes a surgeon great is not just performing successful operations, but also having the knowledge and experience to know when to not operate.  I appreciate that Dr. Stetson had the patience to guide me even when I did not.  A big heartfelt thank you to Dr. Stetson, Stephanie, the medical students, and the entire staff at Stetson Powell Orthopedics sports medicine clinic.  Thank you for helping me make a dream come true.",100124343,Yelp
3163422,"Dr Hunter is the best Dr. I have ever had. 
He has the best bedside manner, is humorous but yet very up to date and knowledgeable. 
His nurse, Gail is awesome as well.",100724326,HG
1383658,"My parents have been going to Dr. Fogel for years.  My brother's and I have pleaded with them to change doctors. You can't teach old dogs new tricks and we've regretted not pressing the issue.  Now they are well past their 80's in chronic need of attention and assistance and Dr. Fogel and his staff are USELESS, HELPLESS and sound very annoyed that you are calling.  Their answer, ""go to the emergency room"".  They do not return phone calls, they do not care to listen or have any empathy.  They do not help you with getting assistance somewhere else.  YOU ARE ON YOUR OWN.  His ""practice"" should be shut down!!!",100315017,Vitals
325108,"i have been treating with Dr. Mann for several months now.  He is so kind and empathetic.  He listens to you and spends as much time with you as you need.  He has given me several injections and i have never felt any horrible pain.  He is decisive, quick, and his technique is perfected.  Dr. B and Dr. Singh his associates are also excellent. He will work with your insurance and his staff does a great job getting through the horrible bureaucracy of managed health care.  With Dr. Mann, the patient always comes first!  More doctors should take such pride in their code of ethics!  You will not be disappointed!  God bless Dr. Mann and his staff!",100071297,Vitals
3813375,"Have been going to this clinic for two years and agree with the reviews that this is the best spot in town! After struggling with terrible cystic acne since a teen, I developed rosacea in my mid 20s and her PA has taken great care of me! I know when I&#39;m ready for laser and Botox that no other team will take better care. If you want to trust only the best with your face, look no further!",100871887,Yelp
3026973,"Dr. Gallia, his PA Krysta, and secretary Angie are all wonderful! They have gone out of their way to make our long distance trips productive and are very thorough in their search for answers!",100694756,RateMD
1394289,Wouldn't even be able to tell you about the Dr because they turned me away after showing up 10 minutes BEFORE my appt time. THEY didn't tell me that I needed to be there 30 minutes prior to my appt for paperwork and then couldn't see me or even look to see what's open or try to help at all. It took me a month to even get an appt & then took time off work to be able to accommodate their crazy schedule & then this. I didn't even bother attempting to reschedule - I'll find a more competent office.,100317093,HG
783277,"Went to see Dr. Rapkin once, 1st visit was very self explanatory, more like a meet and greet. Had a few concerned used my chart to address those concerns as the worsen after 1st visit, 1st attempt tried to route my concerns to my PCP when there were GYN related and 2nd attempt did not response via my chart. 

In regards of billing my EOB says I only own them $20 spoke to the insurance and confirm but they trying to charge me $195. Neither myself or the insurance can figure out why. 


I'm trying to start family planning and it's not the doctor or the place to stress over during my pregnancy. Do not plan to return, not worth it.",100177322,RateMD
3066665,"Very patient & compassionate Doctor,does not rush you out of his office, appears to be very knowledgeable & competent",100705100,HG
3834199,"I saw Dr. Croft for a second opinion. He spent more time explaining my diagnosis to my wife and me in a way that I could understand. I appreciated that he made sure that I was informed of all of my treatment options, while respecting my specific needs. Highly recommended!",100875753,Vitals
1772662,"He took great care of me and my twins. He went above and beyond Dr.  care in my book. Yes agree he is a bit quite at first. I would rather  have a Dr who listens than one who doesn't! My nurses told me he will be their Dr in the future. He was always checking on you in the hospital any time any day. If you want go tot the hospitals and  ask how they like him. Don't sit on your hands and read negative blogs. Do your own research, you would if you were buying a car Right?",100405264,Vitals
4564659,"Totally satisfied with Dr. Gorla. He exudes quiet competence, attention to detail, is an empathic listener, performed a flawless procedure which exceeded clinical expectations and has a skilled staff. He exceeds expectations. I would highly recommend Dr. Gorla to family and friends and not hesitate to have my children under his skilled care should the occasion arise.",101046492,HG
814751,"I'll start by saying that Dr. Whittington seems to be a good guy. However, his staff is TERRIBLE!  LYING, DISHONEST, AND RUDE best describes the women working in this office. Personally I like the doctor but these outrageously rude women working in his office will keep our family from ever returning!  I would NOT recommend this doctor.",100186007,Vitals
1148824,Dr. Porter did a complete knee replacement on me almost two years ago.  I found him to be an awesome surgeon.  His post surgery care was impeccable and thorough.  His bedside manner and sense of humor made it so much easier to go through the horrible pain and discomfort following such a surgery.  I would be willing to strongly recommend Dr. Porter for any Orthopedic concerns one might have (and in fact have done so).,100261196,RateMD
4242116,the injections that I get in my neck and hip help control my pain. Dr Love is a great doctor.,100971686,HG
359409,"Very helpful and caring treatment., Seemed very knowledgeable and caring.",100077316,Vitals
1036965,"When you go in to see a doctor, in my opinion the ancillary staff is not that significant. Contrary to some of the negative comments about the professionality of his front office staff, I didn&#39;t experience that. Yes she was curt and not the happiest person, but I wadnt taking my son to see her. <br><br>Dr Sami. Very professional. Friendly. Engages you from the waiting room. I took my toddler to see him 3 times for allergic conjunctivitis and astigmatism. <br>He was very friendly and knew how to interact with my loving but vivacious toddler. He was very calm and his clinical acumen is superb. I&#39;m conservative and I was glad he recommended a conservative approach instead of some aggressive treatments  because its lucrative. <br>So in summary if you want a competent pediatric ophthalmologist with good bedside manners, then you can&#39;t go wrong.",100237987,Yelp
4041323,"Rude,specifically asked his nurse if he was able to refill a certain prescription she said yes. When I got there he got agitated because I didn't want a H1N1 vaccine, basically told me my sleep specialist was speaking through his nose and then wanted to send me to another specialist. When I asked him why his nurse told me he could treat me he got irate and told me thats why he is the doctor and that is why his nurse is his nurse. No prescription but took my money.",100926295,RateMD
1672602,"Dr. Sheth is great!  He took time with me and answered all my questions without making me feel rushed.  He was the epitome of professionalism, but also put me at ease with some laughter right before my procedure. (It was the first time I'd ever gotten anything done).  The staff at both his office and the plainsboro hospital were also very professional and extremely kind.",100382134,HG
1027728,I absolutely adore this doctor!  I met him at my work and knew right away he was the perfect dermatologist for me!  So Sweet and caring!  He listens so well and takes care of you like good family.  ...Now I just got to get him back into the gym heehee :),100236521,Vitals
1435586,"Very rude!! Doesn't care about her patients was fired from her last office I heard and I completely understand if so! She acts like you are an idiot, doesn't listen to you, treats you like a child, and doesn't care for you like a provider should! She needs help! No people skills acts more like that snobby 17 year old girl everyone knew in high school. A complete *s^",100328646,HG
1643057,"Our family first met Dr. Hartman almost 20 years ago in the ER at Simi Hospital when our son broke his arm. He came back to set his arm after just arriving home for the day. Since then he fixed my wife's fractured ankle and did my arthroscopic knee surgery. Recently I've seen him for knee replacement. He is compassionate, honest and spends time answering questions. We will always recommend Dr. Hartman to family and friends and are grateful he has been our go to orthopedic doc for so many years.",100377221,HG
3787656,"I recently was seen by Dr. Kayman's new wonderful associate Dr. Camarillo for a check up and to look at a little bump on my arm. I was extremely pleased with Dr. Camarillo. She was very professional and easy to talk to since I did have some worrisome concerns. I could tell she was very present and listening when I voiced my concerns. It's reassuring when you know your doctor is listening to you.  Dr. Camarillo decided to biopsy the small bump on my arm which later turned out to be a Squeamish Cell Carcinoma. This was my first skin cancer and she was excellent in putting my mind at ease. She educated me on the type I had explaining that it is the second most common type of skin cancer. I wanted to have it treated immediately since I was going out of town in a few days. Dr. Camarillo was kind enough to fit me in at the end of a long day. She clearly explained the treatment that she would be performing on me calming my nerves. She then performed the Electrosurgery procedure which took about 10 min. She was thorough but also efficient in the treatment and most of all she made sure it didn't hurt. I could not have been more satisfied with Dr Camarillo in every step.  I highly recommend her, she was great!
I also have to mention the that the whole staff at Presidio Dermatology is awesome. Nicole, Therese, and Tiffany are the best. I with out a doubt would recommend Presidio Dermatology for any dermatology needs.",100864285,Yelp
903727,"I had a snow skiing injury to my knee, and was referred to Dr. Mikles. At first, I really liked her and let her do my first knee surgery. During the 1st surgery, she supposedly did a lateral release, a cartilage resurface, and a kneecap realignment; she took 25 minutes to do all of these things. After surgery, I did PT for months, but I was still feeling constant pain (3-4 on a 10 scale at all times) and had extremely limited mobility (I could barely put my heel down to walk). I told this to her, and she wanted to do a cartilage replacement, which is a year long recovery. I sought out a 2nd opinion on this, and let this new dr perform a 2nd surgery on the same knee. He realized that I had been dealing with a torn tendon for months, that she had missed completely. Not only this, but everything she did in the first surgery failed, and my kneecap was so off-aligned that it was digging into the muscle around it. Also, the cartilage she wanted to replace was completely fine. A nice lady, but definitely would not recommend her to anybody.",100208554,RateMD
1222084,"Dr. Klootwyk, John, and Jeff at Methodist Sports Medicine are the best medical team I've ever dealt with. I highly recommend Dr. Klootwyk to anyone having knee issues.",100277412,Vitals
2201951,"very rude, uncaring, unprofessional. never will go back to see her again would never recommend anyone to go to her unless if you want to  feel like a piece of dirt.",100503797,Vitals
2366846,I owe the lives of my 3 girls to Dr. Katz! My first pregnancy I was hospitalized at 27 weeks due to incompetent cervix & other issues. I was too far along to have a cerclage done. I had my baby at 35 weeks and everyone at CPMC took great care of me. My last 2 pregnancies Dr. Katz did my cerclage. His technique for doing this kept my babies in me till 37-38 weeks. He's very patient and thorough in explaining procedues. He calmed all my nerves before going in for surgery. I'm kind of sad this is my last child and I will no longer see him. He truly is the best of the best out there. I wouldn't trust anyone else to do my cerclage if I had to get another one.,100541145,Yelp
765612,"I have been seeing Dr Sorsby for approx 6yrs... he has his ups and downs but over all I enjoy my appointments with him, there has been a lot of change with employees at front desk but his actually nurses have been with him for years, they are both usually very pleasant ladies! More change needs to happen but over all  I would definitely recommended this office to my friends and family.",100173727,Vitals
4881658,"Dr Pride was very kind, knowledgeable & attentive to my concerns.",101115386,HG
4090898,Docter Omatta M Sirisena is not retired and still in active medical practice[which could easlly be checked contacting the NC Medical Board].,100937321,Vitals
1281283,He is my Guy. Not another surgeon will I seek for my shoulder or knee needs.  He is a fabulous compassionate doctor and Kevin is on equal status with him.  GO SEE THEM AT ATLANTA KNEE AND SHOULDER - you can thank me later !,100290497,Vitals
2478572,"He is a good Doc.  I dont like the fact that you have to wait on hold for over twenty min, when calling to talk to a nurse.  But that is my only issue.  I like the Hoff!!",100568358,Vitals
1254688,Dr. Siragusa is the best dermatologist that I have ever had.  He found a melanoma cancer on me that had been misdiagnosed two times before in another state.  It is so good to have a doctor that you have the utmost confidence in.,100286135,Vitals
771333,"You will wait that's true.. I've waited as long as 4 hours but it's completely worth it. I went to doctor Baker needing a second opinion on my loss of vision I'm 29. The previous doctor, who I'd like to name but I won't, told me that my vision will correct its self and there was nothing they could do... WRONG!! A week later I went to see Dr. Baker that same day I got my first injection and a week later I could see again. I can't say enough about Dr. Baker and his staff, they gave me my life back",100174797,HG
1448044,"I have been with Dr. Htin for about 7 years now and I can't agree with the negative comments here. Dr. Htin is the best pain management Doctor out there, if you do what you're supposed to do then you won't have any problems.  I agree with the other person that said, "" if you are a drug seeker he will weed you out quick"" he is very caring and listens, which is very rare in this practice. Dr. Htin has always treated me with the upmost respect, and has helped me a lot.. He truly cares..",100334775,Vitals
2577404,"I have been a patient for 13years, Dr. Patterson is an excellent doctor. She takes the time out to listen to all your questions. Will always recommend her.",100591320,HG
4581788,"She is always caring, willing to spend whatever time is needed with me.  Thorough, compassionate, puts the interest of her patients first.  She explains everything well and listens to concerns.",101049382,HG
2289760,"UNPROFESSIONAL!!!! I took my mother here and they had one of their nurses walking around with an ankle monitor on.
Does this place allow criminals to work for them??? My mother will never be going back and I would not recommend this place to anyone. Very unprofessional...",100521790,Yelp
1875922,"My name is Michelle. I am from Long Beach, CA. I had a disk herniation on my L5-S1 for about two years. I was then told by my local doctor that I would need fusion surgery. I did not want to do that surgery, I was afraid about the risk of being paralyzed afterward. Recently, about 6 months ago, I started getting worse pain that went down to my left leg. I did my own research online and I found the Back Institute. I had my surgery and I feel great. Have no pain on my left leg, my pain from my back is gone. I do feel absolutely great. It is a great blessing, very emotional, I am able to do things that I was not able to do before. It's great. I really recommend people to see Dr. Ditsworth.",100429802,Yelp
4147898,Both myself and my wife have been patients of Dr Young for a number of years. We have found her to be caring and knowledgeable. I would highly recommend her.,100950223,HG
1571487,I got prescription I didn't even need worse doctor ever,100362260,Vitals
4787236,"How do I say how great she is?! Hands-down Dr. Kristen Mosier is a unicorn. If all healthcare workers were like her, the world would be a better place! Even wearing the ridiculous smock and drape, she makes you feel so comfortable and genuinely cared about. My last delivery, I had a few complications afterwords, and she came to visit me in the hospital on her weekend off, just to check on me. I mean honestly. Who does that? Do yourself a favor. Check her out and have someone who truly is invested in the well-being of you and your child.",101093508,HG
2398327,"Very good communication, accommodating to schedules, describes the procedure, pleasant experience.",100550477,Vitals
2748180,"Dr. Emspak always spends a lot of time with me during my appointments.  She is very accommodating and responsive in her communication.  I hope she never retires because she's the best doctor I've ever had, and I don't think there are a lot like her out there!",100629024,Vitals
2195622,I love Dr. Suprin and have been his patient for years.  I followed him from his Brooklyn location to the new Queens location.  I will be his patient for life.  He is caring and never rushes you out of the office.  Dr. Suprin is an excellent listener,100502646,Vitals
252766,"I went to three surgeons to get a consensus on how to repair my hip in the most non invasive way possible.  Dr. Hannon was a stand out.  One of the surgeons I interviewed literally said he&#39;d do whatever surgery I wanted.  Dr Hannon explained why I needed full hip replacement and why a less invasive procedure would only make things worse quickly.  The surgery went well, I was discharged from the hospital a day early and was back to work in 2 weeks.  He&#39;s a skilled surgeon with an excellent bed side manner.  Those two don&#39;t often go together.  <br><br>Highly recommended!",100053157,Yelp
360323,"Pearls of Wisdom, 5 Stars Across the Board!!!!
  It was a pure joy to meet, and listen to the peals of wisdom from Dr. Pierre-Louis.  She was attentive and mad my visit to the doctor pleasant.  Great listening skills and I can not wait for the results.  She and her staff were very welcoming and I highly recommend the Twin Cities Dermatology Center/Clinic.",100077316,Vitals
2061247,"Excellent, I had a laparoscopic cholecystectomy with Dr. Lalezari. I was concerned at the beginning that it was cancer but once Dr did my surgery he gave me the good news it wasn't cancer. I'm really happy with my results. Thank you so much Dr.Lalezari",100472021,Vitals
407303,"I&#39;ve been coming to this medical group since 1992 &amp; had been seeing Dr.Kamiskas. She was wonderful however she retired this year. So I scheduled my annual exam with Lisa Sherwood- what a delightful person. She spent time getting to know me &amp; asked many questions about my health- past &amp; present. She ordered some blood work &amp; personally called me with the results. I&#39;m also seeing Molly the nutritionist- she has helped me so much with my weight loss &amp; setting reasonable goals. And today I had my mammogram- it was quick and fairly painless &amp; the staff was so professional &amp; caring. I have always been greeted in a professional matter when entering the office or calling on the phone. I&#39;ve never had any issues with getting an appointment or using the patient portal. Yes, sometimes there is a long wait but emergencies do arise in this type of practice. I will continue coming here &amp; recommend.",100089268,Yelp
4066470,"As a healthcare professional, I know when I see a great provider, an OK provider, and one that just does not care. Unfortunately Dr. Marx is one that shows he does not care. I am a patient that had thyroid malignancy and total removal. He insists on putting me into a ""box"" of standard treatment, when it has proven not to work. Not all patients fit into certain categories, everyone is different. He lacks the ability to listen and realize this!!! I will be following up with another Provider...",100933766,HG
1996179,Doctor Olga Goodman is the smartest doctor I ever seen. Period. Period. Period. She is treating me and my daughter with the respect she would give her own close friends or family members . Staff is great too. I highly recommended Dr. Goodman and Rockford Orthopedics.,100457975,HG
1187939,"She diagnosed me incorrectly and ruined my life for about a week and a half while I was waiting to see my primary. Turns out she had absolutely no idea what she was talking about with my diagnosis and made it to where I didn't wanna leave my house for days because of how upset I was. 

AVOID THIS DOCTOR.",100268958,Vitals
739267,Office smelled like cigarettes.  I was misdiagnosed.,100165218,Vitals
1947724,Dr Lewis is great,100449047,HG
1197909,Walking into Dr. Bryk's wing was like leaving a hospital and entering a spa where I just happened to have been treated for my meniscal tear. Dr. Bryk was  so knowledgable and an expert surgeon. I really appreciated his hands on approach and how concerned he was that I not rush into surgery. I can barely see my scar and my knee is better than ever. His staff is friendly and kind.,100273959,Vitals
4292150,"I have been a patient of Dr. Mousavi for more than 20 years.  My treatment has been top notch in every regard.  He has literally saved my life on more than one occasion.  He has been careful, thoughtful, knowledgeable, and conservative in his approach to my care.  Other doctors and nurses and others who are his patients with whom I have spoken all speak highly of him.  He has been compassionate to my family on every encounter.  He has a great office staff who are friendly and supportive.",100983537,HG
4177154,He was very knowledgable and never goes to excess. He is kind and understanding and will always go the extra mile for his patients. He's patient and very easy to get along with and I've returned to him and will continue to turn to him for my spinal issues.,100955179,Vitals
2352319,"Had a shoulder reconstruction 
Fine Doctor and Staff",100538870,Vitals
2686428,"I met with many ENT&#39;s in the Austin area. All who felt my sleep apnea issues should be managed by use of CPAP machine. I am an active person with healthy weight, but still had mild to moderate sleep apnea. For five years, I could not sleep without use of the CPAP machine or I would wake up gasping for air.  I had a strong gut felling that my sleep apnea was obstructive in nature and if I could only find the right surgeon to fix my structural issues, I could have my life back and no longer be tethered to a breathing machine. I interviewed Dr. Nason and found him to be very personable and a great listener.  I never felt rushed. He answered all my questions no matter how trivial.  Dr. Nason suggested doing a procedure called a UPPP to help with obstructive issues. I went home and did more research on the procedure and came back for another visit to ask more questions. I knew that the procedure would be painful, but it offered good odds that I could breathe on my own again. I am now four weeks post UPPP.  I am sleeping peacefully without use of a machine and every day gets better. I am so grateful to Dr. Nason for his care and skills as a surgeon. I recommend him highly!<br>Susan T.",100612767,Yelp
4034811,I and my family have been seeing Dr Morris for the last 3 years.  She has been a true partner in helping us address our daughter's ADHD.  Her recommendations have always been spot on and she takes the time to actually listen not only to me and my husband but also to our daughter.,100924846,HG
4476643,"6/10/19<br><br>I was referred to Fremont Eye Care by my co-worker. I called twice on Monday 6/10/19 to make an appointment for glasses and contact lens as a new patient. I left 2 messages and finally got a call back 4 days later. Meanwhile, I already saw another optometrist yesterday that called me back the same day (see review for Fremont Optometric Group). I would not count on Fremont Eye Care Physicians if time is of the essence.",101025651,Yelp
166359,If you want to see a doctor who acts as if you are bothering him if you ask any questions or if you love vague explanations then this is your guy!!,100036030,Vitals
884021,"I was diagnosed with inoperable end-stage colorectal cancer 4 years ago following metastasis from the original surgical removal two years prior.  After exhausting all known approved medical options, Dr. Subbiah placed me on a clinical trial which has kept my tumors stable for over two and a half years, and with a very acceptable quality of life.  He continues to search out innovative, cutting edge options for me for the inevitable time when my tumors adapt to this treatment and resume growth.",100201589,HG
3904322,Dr Simpson is a very caring person he cares about his patients i have had to call him about my husband many time and he returns my call pronto and helps me decide what i need to do my husband really likes him very much and is pleased to have him as a doctor  i would recommend him to all all ways there when you need him no matter when . great doctor.,100894678,HG
2463849,"good experience, good listener and not rushed",100565641,Vitals
1631468,Great well rounded care that is specialized to my needs. Staff is always atentive and friendly. I am able to schedule my appointments with ease and flexibility.,100372364,HG
1790434,"Dr.Thomas is very pleasant, attentive, punctual.  We have just established, but so far - very positive experience.",100412232,HG
2925937,"My experience with Dr. Mullin and his staff could not have been better! Exceeded all of my expectations, and after only two weeks, I am looking forward to continuing my speedy recovery!",100670018,HG
2588576,She takes time to listen and asks questions. She calls personally with lab results and follows up after office visit. It is easy to schedule an appointment.,100592999,HG
361654,"Great, Had to wait about 40 minutes in the exam room before being seen by the Dr. Pierre-Louis, but she have me here full attention when she arrived and I was pleased with her explanations of treatment options and with how she executed the option we decided upon.",100077316,Vitals
2736122,"Inaccurate, rude, poor attention to detail, lack of bedside manner",100624029,HG
628938,"I've seen the doctor several times and he has Always been so gentle, and caring, he takes his time and actually listens. I could not be happier with him. He remembers who you are and what your problem was even when appointments are months apart. Studied the records completely, would be very encouraging for life changes and has a sense of humor.  He also took care of my husband and saved his life after the ER sent him home and said he was fine. Dr.Fiksinski went the extra mile ignored all the good test results and found my husbands problem before it was too late.",100139818,Vitals
1371021,"I was referred to Dr De Leon as a new patient needing emergency Endodontic care. Being new to the city and lacking dental insurance I was a little lost! <br><br>Dr De Leon and her team were great. They saw me the same day, diagnosed  the problem and started treatment. They were very fair on the fees as well, and offer a discount for cash in full  patients. <br><br>If you need a great Endodontist I would give Dr De Leon a call!",100312726,Yelp
2581991,Most caring doctor I've ever met.,100592050,Vitals
956706,"I would highly recommend Dr. Etebar. I could not walk, sit or stand without severe pain before he did surgery on my spine.",100220872,HG
76490,"Dr. Taylor is head and shoulders above the rest. I have been to five chiropractors but he is hands down the best. He has great skill, wonderful patient rapport plus the most up-to-date equipment to treat his patients. In addition, his staff is incredibly kind and efficient. It's a pleasure to go to him.",100017464,Yelp
3000333,"Dr. Ghayas has been my psychiatrist for a few years now. I was going through a very stressful work transition that led me to have pretty bad anxiety and some depression. Dr. Ghayas listened to me, was willing to hear my suggestions, and put me on the right medication to have me start feeling myself again. She is great at what she does, she cares about her patients and I plan to continue to work with her. Sometimes I have seen her PA's who were also good. I have nothing but nice things to say about her.",100687935,HG
4645264,"Had a visit recently with Dr. Buss.  I waited for 35 min. past the appointment time, but the office was very busy.  It's ""season"" here and considering everything, the wait was not unreasonable.  

I was apprehensive considering the other reviews regarding his bedside manner.  However, I found Dr. Buss to be personable, friendly and funny - joking enough to break the ice but not in a cavalier manner.   I don't know what happened with the other reviews, but sometimes if you give attitude, you get it back.  

He gave a good exam, discussed my test results, told me his plans and allowed me to ask questions.  All in all, I was very happy with the visit.  I would feel comfortable recommending him to a friend.",101062602,Vitals
2982077,"she has been a family doctor for a few years now, when i went to see her for the first time last year she had me in her office and she listen to me gave me her input. told me her plans of what she would like to do made sure i understood the plan. she explained the seriousness of following through and how important my health and life is. she showed pure compashion for my health made sure i was scheduled for the proper test had the right perscripions that i need. and her office staff was very good",100683203,HG
565977,Been calling for like a week now and they never answer the phone! The front lady very rude!,100127033,Yelp
271412,"He is an excellent doctor and a person. very intelligent, compassionate, and caring. great bedside manners. He diagnosed my condition when my previous doctors had no idea.",100058677,Vitals
112881,"Although it took months to get an appt. with Dr. Chang, once I went to my first visit I was extremely pleased.  They took me right in, her nurses were very professional and compassionate.  Dr. Chang could not have been any nicer or more professional and put me right at ease.  I've been back for two procedures so far and could not be more satisfied.   would not hesitate to recommend her to anyone.",100023786,Vitals
925632,"This Dr. does not listen to patient, nor patient's parents. She has a condescending bedside manner and dismisses parent concerns. The diagnosis she gave was way off.",100211879,Vitals
484562,"Dr. Palaniswamy is thorough, professional, comprehensive, clear in her communications and personable. I have been completely impressed with her professional practice and the staff of her office. Outstanding!",100109692,HG
3820167,"Dr Toth is just brilliant. <br> Our daughter is a healthy 38 year old who would not be here if it weren&#39;t for Dr Toth and his research and inherent kindness.<br>Please understand that sometimes it is difficult to process that you have infertility problems, whether husband or wife and it does not help if you play the blame game.  Miscarriages happen, and therefore there are failed dreams.  Antibiotics do work!<br>I find it incredible to read some of the negative reviews. However, there is no absolute promise that there will be a viable child.  <br>There are so many of us that have children today because of his brilliance.",100872915,Yelp
1799467,Everyone in Las Vegas was so expensive. I am glad I found you. You did a great job with removal of my large tattoo. Sending friends to you!,100413491,HG
1988624,"Dr. Amrani is amazing! He and his staff made me feel super comfortable, helping me get over my nerves. I had all four wisdom teeth extracted and I am so glad I made the trip from Queens to Kings Highway to see Dr. Amrani, he was so sweet. Everyone was very professional and the office is beautiful, modern and clean. My experience was very pleasant.",100456414,Yelp
2570907,"My family loves MY DR NOW! I had expected this urgent care to be impersonal and uncomfortable like all the rest, but was pleasantly surprised.  They really treat you like a human being and not just a dollar sign. While cooking a few months ago, I cut myself with a kitchen knife and had to visit MY DR NOW for stitches. I was seen within ten minutes. Dr. Zamani really takes the time to explain things to you and he is so friendly and personable. I took my kids there a few weeks later for their checkups and shots and he was great with them too! Its so nice that I have an awesome family doctor and an urgent care all in one that I can trust with my familys health.",100590235,Vitals
4237335,"My Children, son(15), daughter(14), and son(3) all feel comfortable with him, He is very good at talking to the kids to understand their concerns. He also seems to listen to my concerns as a mother.",100970884,Vitals
265355,"I was very impressed with Dr. Enke, he was very friendly, he informed me of everything he was going to do and made sure I was comfortable during the procedure. I would highly recommend him to my friends and family.",100057698,HG
2360571,"Avoid at all costs. After an endoscopy and esophageal dilation that he did, I regurgitate after every meal, when I bend over,  whenever I burp, cannot lie on my left side at night without burning pain, air escapes esophagus upon exertion.  Avoid this man.",100540200,HG
747470,Excellent doctor. Great communicator/bedside manner. I will continue to keep him as my heat doctor. Took time and answered ALL of my questions.,100167063,Vitals
699823,"Dr. Morrison is a very friendly and truly make it an easy for the patient to discuss a sensitive matter.  Dr. Morrison is attentive, and takes the time to help the patient to understand the condition, and what is the current and other options for treatment.  He is willing to listen to the patient's needs, and helps the patient to understand the diagnosis.  Great sense of genuine caring, and wish more doctors would take the time to help their patients.  Thank you for being a great doctor.",100155190,Vitals
2117531,Waited 2 hrs to see Dr. Stein.  He spent 30 seconds seeing me and told me that I would be seeing a new doctor for the rest of my exam.  I will not be going back.,100483382,HG
3398321,"I just met Dr. Adam Berman at st.clare's Hospital in Denville on Monday.
I was an emergency, I felt he was very professional and he has a great bedside manner. He found the problem and helped my pain and now he will decide how to remove my 14mm kidney stone. God is good he sent me the right doctor.",100780265,Vitals
2582609,"Poor follow up.  Coverage by on call physician is non existent..."" you're not my patient, I don't have your history I can't help you"".  Why bother!  Calls are returned after days not hours.  The girls in the back run the show.  Appointment schedules are ridiculous.   You will  wait  a minimum of one hour.  I was never there less than one and a half hours waiting before I got to the exam room... then waited some more.",100592140,HG
4208418,"Dr. Koscielniak was amazing. He explained everything to me so i could understand my injury and how to properly heal. He treated me and my family with such great compassion. Not to mention, his sense of humor kept me in such great spirits.",100962933,RateMD
4682213,"excellent doctor
i feel great",101069458,Vitals
4421389,"Dr Galan is a very intelligent, caring, genuine Doctor. He spent an hour with us explaining our situation in detail. He is extremely personable and I would recommend him to anyone!!",101012972,HG
36183,Best drs appointment I have ever had.  I only sat in the waiting room for 5 minutes before being called back.  The nurses were very friendly in taking my vitals and asking all the necessary questions.  Dr. Parente met with me in the exam room before having me undress.  She let me ask her a hundred questions and listened to all of my concerns.  She went over many options with me and made me feel completely at ease.  The exam itself was the easiest and least painful exam I have ever  had.  Overall I am very pleased to have found Dr. Parente and plan on keeping her as my doctor for a very long time!!,100008975,Vitals
2306801,"Hospital staff was quick, and courteous. My condition was quickly uncovered by Dr.  Olukoga  (Dr. O)
who drew me in immediately to his confidence.  I was operated on the very next morning after establishing my condition.  The operation went without incidence and I left completely healed within a couple of days.  Two weeks later I'm back to a full exercise regime.  
I told Dr. O, that I was going to frame his picture on my Mantle Piece. He's quite wonderful.",100527905,HG
2490971,Dr. Dewan was compassionate but at the same time she was very straight forward explaining my condition.,100570431,HG
1630062,"Dr Labario treated me for two years. Other doctors told me to avoid some of the procdures Dr Labario performed as they would be costly, painful and of little benefit. After two years, I found they were right and Dr Labario was very wrong. I spent alot of time and money for no gain based on Doctor Labarios opinion. In the end, he fled his practice and I was left without a care giver!",100372039,HG
2358702,"Dr. Thompson and the staff at Midtown Family Medicine have created a wonderful, caring, expert medical experience. They are quick to respond to calls ...",100539937,Vitals
4608844,He tries to direct patients to the pharmacy of HIS choice. That is just wrong.,101053632,Vitals
3693768,"I found Dr. Oganessian as I was going through a year of health issues. She is an excellent and very caring doctor. She listens carefully, is very knowledgable and up to date, and she does not give up until you are back to 100%. Her assistant Nicka puts you at ease and keeps everything running smoothly.",100843573,Yelp
1293810,Best doctor in Tampa.,100292994,HG
4964157,Dr Nichols saved my life without the Nissan surgery I would have been diagnosed with throat cancer years ago. When I came to him they thought I already had Barrett's esophagus but luckily I didn't.  After successful Nissan I have had minimal issues with acid reflux since 2008.,101136247,Vitals
2460993,"I've been a patient of Dr. Micha Abeles for a very long time and have always found him to be one of the finest physicians and people I have ever known. His work is outstanding.  He is that unusual combination of a researcher, scholar, and healer. You can't ask for more.",100565290,Vitals
2241362,Doctor Kinloch figured out what was up with our 2-year-old when others could not. He is thorough and shows he genuinely cares about our family. He has been great with our newborn as well. He even visited us in the hospital just to check-in! My daughter actually looks forward to going to see him. I highly recommend Doctor Kinloch!,100510805,HG
3737132,"a very caring doctor,  he's been my doctor for over a year now, he has a great attitude and personality. he has a great deal of respect for his patients",100852790,Vitals
1989908,I had several symptoms I thought were not related and he immediately knew what  they were related.  I always leave smiling. He's just great in all ways! A fantastic group!,100456865,Vitals
4394045,One of the best surgeons in the country.   I was in excellent hands at a time of crisis.,101008438,HG
1621825,"She's an excellent doctor!I went for an iud removal,and for my surprise toke less than 3 minutes,all I felt was a little pinch.rightly recommended!",100370463,HG
629610,Dr. Cambareri was very friendly and professional.  He answered all my questions including ones I didn't think to ask.,100139993,HG
3576323,Always appreciate his willingness to listen to and respond to my questions and concerns. I don't feel rushed.,100819515,HG
1691181,They don't return on-line requests for appointment.,100386834,Yelp
2251382,"Dr. Klemish is an EXCELLENT doctor.  He is kind, compassionate and his care is genuine.  In my case I had numbness and pain that radiated from my neck into my arms, after a series of x-rays he found a ""delayed"" fracture in my cervical spine that other doctors missed.  I had surgery to repair the fractured discs and have not had a problem since.  Yeah!  Dr. Klemish!",100514818,RateMD
4272351,Dr Holland was a God send to us and we immediately felt safe when we had to go in for emergency surgery to remove a tumor on my husband. His bedside manner is fabulous and he takes time to talk with you. We still have a way to go but I (we) are confident in Dr Holland and highly recommend him to anyone needing his services. God Bless Him and his family.,100976958,HG
221845,"You feel welcomed as if your over at a friends house, from the moment that you walk in, all the time until you walk back out of the door.  You can immediately tell that it is run like a family and they treat you like a part of their family also (that is, a family member who they like and would invite back!). Super service, communication, and follow-up.",100047804,HG
3043961,"Terrible staff, terrible doctor! 
Received an anonymous call today about a prescription refill, from a so-called nurse who refused to provide a name.  First red flag.
Then, told that my diabetes medication wouldn't be refilled until I saw the doctor. Second red flag.  
Finally, I can't see the the doctor for a week.  Why not tell me any of this before the prescription is out??? This isn't a narcotic, it regulates blood sugar. HORRIBLE HORRIBLE HORRIBLE excuse for healthcare professionals.",100698073,HG
1389213,"I attempted to schedule a new patient appointment with Dr. Samuels after I saw her listed on the BioTE pellet implant page; however, when I called the phone number listed on the website, I received a message saying not to leave a message, which seemed pretty unprofessional. Then I called back and actually got through; however, the person answering the phone was driving and she said that the office is closed on Mondays and Tuesdays and she forwards the office phone to her personal voicemail.",100316050,HG
1032585,"Dr. Hizon has been our family Doctor for about 5 years now. My opinion, he is one of the nicest and friendliest Dr's in the area. He's very knowledgeable with sports medicine, nutrition, exercise and the new upcoming technology that can help aid with injuries or lifestyle. He is easy to communicate with and He's a great with children or adults. Dr. Hizon always seems to have a warm, caring presence every time I visit the office. Also, he is very easy to communicate to online over his message portalI . I recommend Dr. Hizon to anyone wanting an awesome Dr.!!!",100237308,Yelp
697480,"I've been a patient of Dr. Graber for 3 years now and will continue to do so. She's caring, compassionate and really cares about her patients.",100154584,HG
3095358,He is an excellant docter.Kind and courteous.Would truly recomend him pelvic mesh removal.Love him,100710015,Vitals
2108435,Felt rushed and not heard. She talked more than asked me what was happening with my body. Highly recommend seeing a naturopath who will take time to approach  care from a whole person perspective.,100481952,Yelp
3597309,"Dr. Mayberry is a great plastic surgeon. He and his practice manager, Kristina listen to your needs and explain the process every step of the way. I don't feel rushed and I feel like I am in good hands which is so important! They make a great team and the rest of the staff is great too!",100822465,Yelp
4738074,"Dr. Shirazi is a very compassionate, empathic professional. She affords me all the time I need and will discuss any and all topics I bring to her. She has given me excellent advice concerning medical issues that I have followed through with and definitely takes a more holistic approach than just handing over a script to make things easy. I highly recommend her and the team she is affiliated with.",101084289,Vitals
204077,"I have been looking into having liposuction for a few years. I did not want to be put to sleep. After checking out numerous options, I chose Dr. Sinclair. He seemed very up to date on all the options that I had already looked at. The procedure went very well. There was minimal discomfort. I did not have any bruises. After the procedure, Dr. Sinclair called me himself to check on me. Overall, I am very impressed.",100045407,Vitals
2125219,"This eye care practice is top notch. They run the practice incredibly well like a finely tuned machine from when you check in, to the waiting area, to having one of the optometrist assistants perform the appropriate exams before seeing of the primary eye doctors. <br><br>Doc Hamburger is awesome. He knows what he is looking at from examining the cornea pictures to his patient interaction. An excellent experience across the board. <br><br>Everyone who works there is professional and courteous. I have nothing but nice comments to say about this practice.",100484903,Yelp
3668058,"I couldn't of made a better decision on choosing a pediatrician for my daughter.  Being a first time mother with tons of questions, Dr. Richard is very patient and down to earth.   Great bedside manner!",100837073,Vitals
2601693,"I appreciate His honesty and time spent in reviewing my X-Rays.
I also like his personality. 👍👍",100595296,Vitals
4071045,Great Doctor.  I have seen many ENTs in the past and this doctor was the best.  He spent the time with me and answered all my questions and fixed my problems.  If you want or need a good ENT Dr. Hoasjoe is your man.,100934508,Vitals
2243712,Finally found a Doctor that is helping me,100512475,Vitals
2399188,"whooa they are a fantastic group with many location what was very fantastic to me &amp;the city location is near trains what makes the way home after surgery very convenience, i wanted to get my lasik for 4 years &amp; i got the best what i can imagine with doctors &amp; staff with many years experience &amp; with all answers &amp; time for you, tnx cris for your entertainment while the process have be gone.. now i see perfect &amp; im telling all my freinds to get off with there gllasses &amp; get in the new world of seeing is believing. be well &amp; best wishes to you all there in diamond vision",100550535,Yelp
3458711,"Great experience!, Dr.Silva-Karcz was very kind and professional. She made me feel comfortable. I highly recommend!",100793436,Vitals
2889823,"Love it here! They were my choice for OB during pregnancy and have always been so sweet and attentive. Would certainly stick with them if I have another child, and have kept up with them for post partum GYN check ups. <br><br>I&#39;ve seen Dr Rhode, Dr Chen, and Dr Gerlach. Dr Rhode was my original but Dr Chen delivered my baby and she was so calm and patient as I screamed into oblivion having a natural delivery because baby girl came faster than the epidural lol...<br><br>I adore them tho!",100660273,Yelp
1417013,May 23 2015 . You doctor pomerantz had me scheduled for double bypass surgery which I decided not to let you do both sides. during the actual surgery I stopped you from doing the left side.Later I find out by your friend dr that I never had any hernias to begin with and he didn't understand why you did the surgery! I've been hurting ever since thisso called surgery you said that I needed fast! Even after I you told me that the  ultrasounds showed nothingnBut you  convince me to trust you and you,100324757,HG
1225125,"9 years ago he put back together my 11 year old daughter's face after a horrible car accident.  She has grown into a beautiful daughter.  Without his help, she may of never had the confidence of a normal appearance.",100277892,Vitals
516532,genuine care for patients and expertise in the field,100118948,Vitals
3641288,"On time and efficient, Detailed, compassionate, accurate, down to the point, helpful, knowledgeable. She is a trustworthy and informative Doctor.  She will be my Dr. forever.",100830566,Vitals
4037750,"I love Dr. Dorn. Dr. Dorn takes time with his patients. He educates you on what is going on. His staff is friendly, knowledgeable, efficient and kind. Dr. Dorn cares about his patients and that means a lot.",100925386,HG
2420696,"I was diagnosed about eight months ago with a type of breast cancer, that didn't show up on the normal tests. Dr. Afshari's  persuaded me to have a biopsy. It is an understatement to say I was shocked when the biopsy came back stage three lobular carcinoma. Because of Dr. A's surgery I was deemed cancer free. I still went through chemo & am starting radiation shortly just to make sure nothing is hiding anywhere. I am so grateful for Dr. A, his expertise & dedication. God truly blessed me.",100554138,HG
2556308,Dr Pate is outstanding and so is his entire staff!!! It is such a pleasure to be treated in this environment.,100584545,Vitals
4886135,Worst doctor experience ever.,101116577,HG
2653479,Dr. Westwood is very good at his job. He only takes walkins so yes you do have to wait a while sometimes. And as far as bedside manner he is nice but he tells you like it is he doesn't sugar coat things. We have went to him for years.,100607033,Vitals
1426733,I think it's unfair to judge a doctor based on one visit. After dealing with Dr. Habib on more than one occasion and for more than one ailment I would see her again without hesitation.,100326793,HG
44228,Exceptional listening and reassuring skills !!!!,100010323,HG
2650306,"I've been to a couple of psychiatrists and although Dr. Baluyot keeps a firm hold [which every good Dr. should] I am very pleased with her ability to diagnois, willingness to work with you, listens to you and I feel truly cares. She doesn't give up.",100606522,Vitals
369208,"I have been his patient for 11 years and I just adore him. I have Parkinson's Disease and he has help me cope with it all the the way! Because I was young, no other Doctor would confirm that I had Parkinson's even though, my hands were shaking - my entire body actually and one foot was dragging even. And, my eyes did not blink and my arms did not swing. All classical symptoms of Parkinson's Disease. I was 38 at the time. He diagnosed me but, wasn't sure until I went through a series of tests. From the first visit to my recent one, he has always greeted me with a smile, a hug and a sincere question of concern of how are you doing? He listens, he answers my questions and he doesn't rush me ever.I have recommended many people to him and  they all have been very pleased with him also. All I can say is that he is simply the best doctor ever.",100081697,Vitals
1045849,"I can't speak highly enough about Dr. Sellman!!!  I won't see anybody else!!!  He explains what
is going on in detail!!  He takes all the time I need!!!  Bedside manner is awesome!!!  He IS my Doctor!!  I have been going to AFP for almost 20!!!",100239380,Vitals
4059984,Wouldn't use this Doctor just based on the Reviews written thus far.,100932556,Vitals
4866028,Love this office. Everyone is wonderful both doctors are professional and amazing the staff is so warm and considerate I feel very comfortable in this office,101112232,Yelp
3917204,"With my Oscar app (Oscar health insurance) I&#39;m given a list of doctors to choose from and came across Lily Gonzalez which was conveniently located near my apartment. I decided to go to her office in person to check out the facility before I book an appointment. The outside doesn&#39;t look that bad, however when you step inside into the reception area, it feels like you&#39;re going back in time. The set up and decor is in much need of an update, the floor is carpeted which would explain the unpleasant smell. I didn&#39;t even bother taking a step further, that is not a place where I would want to get my IUD installed. I wouldn&#39;t recommended this place to anyone.",100896808,Yelp
4079249,Quick and to the point. No problems.,100935647,HG
4951029,"I had a wonderful experience and results (lower face and neck lift) with Dr Miller. He is a very professional, caring, and well credentialed surgeon, with meticulous attention to detail and education of his patients. I am amazed at my ""before"" and ""after"" pictures! Thank you Dr Miller!",101134028,Vitals
271840,"When I'm there, it's like I'm the only patient he has. Been seeing him since 1998. Both my surgeries have gone well. I've recommended him to any and all ladies who have asked for such services. My only fear is that he'll retire someday!",100058734,HG
4589666,"I had cataract surgery about a year or so ago and the doctor RUINED my vision in my right eye. I have a round fog that goes left when I look to the right, and then the round gray fog goes right when I look left. Doctor Maloney sent me to his friend, a VITREOUS GEL specialist to remedy his BOTCHED job. When my friend Larry Cohen and I confronted him about this terrible ongoing situation, he had a friend in a brown suit listening to our every word. He was arrogant and claimed he suffered from the same malady HE created in my right eye, IN BOTH HIS EYES!!!  My friend Larry Cohen asked Doctor Maloney how on earth can he operate with this terrible round blur and the doctor said he just ""deals with it."" I kept my mouth quiet for a while but this is unbearable and I AM NOT GOING TO PAY ANOTHER SURGEON (HIS FRIEND) to fix Doctor Maloney's botched surgery which everyone calls a despicable situation. I will continue to post. This is malpractice. I give one star because 0 stars was not an elective.",101050501,Yelp
4255740,Dr Patel did a knee replacement on my knee and I was so pleased by his methods as well as his staff and their responsiveness to my questions and concerns.  I would highly recommend him to anyone else that needs surgery.,100973938,Vitals
3613064,All my questions and concerns were addressed and a plan of action begone. Thank you Dr. Hamburger and Sarah.,100825129,HG
3199753,I would recommend Dr yacobucci to anybody and I already have after my injury he worked with me to get my one-shoulder done before the end of the year and I'm going to have the other shoulder done here in the near future Matt and all of his staff are very professional and very helpful thanks again and think Toca,100733487,HG
8455,I had carpal tunnel surgery a month ago.  Dr. Zafonte is wonderful!  He explained the procedure very well.  I was under extremely good care with Dr. Zafonte and his staff the day of surgery.  Dr. Zafonte did a superb job.  I am doing well!  He is kind and caring.,100001916,Vitals
3592572,"My experience with Dr. Milad and his team to be exceptional.  I had to confront some tricky surgery, and he was able to accomplish it without incident.  I'm writing this review a few years after, and I've had no issues whatsoever.  

It is without reserve that I give my highest recommendation to those who may be considering him as their doctor.",100821928,HG
3227062,"Dr Queli took care of my mother when she broke her knee. We asked to see him for a second opinion.  Our other doctor had suggested a major knee replacement. Dr Queli told us that a major replacement might be necessary, but he would be willing to try a smaller operation. He explained everything, we decided to try the smaller operation. Everything went well, 6 months later bone is fully healed and things are back to normal. Can't say enough good things.",100738424,Vitals
2200795,"He seems like a very talented doctor, yet very jaded, lazy even. He didn't take the time to do X-rays of my back (I guess I just wasn't hurt enough for him). He only did a visual inspection of my back, while my sports bra was still on... I guess he didn't need to look at the part of my back that hurts the most. He sent me home telling me to exercise more. I told him that it hurts too much to do the exercise required and that's why I was there to see him. I would not recommend this doctor to anyone I care about.",100503597,Vitals
1038413,"I came to the consult wanting liposuction,but instead of signing me up he talked me out of it telling me that I would really do much better if I lost some weight first and then went through with it.  He spent a LOT of time with me because that was not what I wanted to hear.  But to make a long story short, I did lose the weight, and then we both discussed what was bothering me about my body and went ahead with the lipo.  Without Dr. Z supporting me I would never have been motivated to lose the weight. He did a terrific job on the lipo. The whole crew there was incredibly supportive and caring. I look great,and best of all  I feel great.",100238228,Vitals
463131,My review of this Surgeon is A1.,100106285,Vitals
2588047,Dr Munir is a very good physician. I am very happy with my care.,100592948,Vitals
537409,Dr Brokaw has followed me since 2010. I shattered my tibia plateau while on vacation in FL. Came home and FINALLY connected with him! ( the delay was in finding the right dr). He has seen me through a TKR and then a femur fx and repair. Nobody better!!,100122049,HG
3209396,Learned more about my back problem them I have been told in the last five years.,100734652,HG
1591517,Dr. Carlson saved my life on the delivery table. I had uncontrollable bleeding and a diagnosis that wouldn't be discovered till years later. His honesty and compassion beyond delivery were priceless.,100365322,HG
3350163,I had been in miserable pain for over 9 years. I had seen every Doctor in Northern Colorado. Finally I decided to see Dr. Van Buskirk and she was wonderful. I went ahead with the fusion I needed and after 2 weeks wondered why I had waited so long. I have never felt better and I owe it all to her. Also her staff is wonderful and no waiting!,100768742,Vitals
2649779,Dr. Potthoff did a hip replacement. I had been in an extreme pain for 1 1/2 years. He totally improved my quality of life which had been poor. I'm so grateful and will definitely have him do my other hip when the time comes. Thank you for great care!,100606362,HG
3930002,"Nice Doctor, very thorough and knowledgeable. Would recommend to others.",100899197,Vitals
3491946,"I had severe pain in the back of my neck, it was pretty bad. After coming to Spine Institute of Central Florida Dr. Okafor had to go in and open up the vertebrae, clean them out and put fillers in. The third vertebra needed a replacement because it was pretty well gone and I had several bone spurs. After the surgery I had absolutely no pain and here I am a year later and I've had no pain, which is wonderful. Dr. Okafor is a sweetheart and an overgrown teddy bear of whom I can be very thankful for what he did, which was a pretty heavy duty surgery but he did a fine job. I am very happy I came to him and as far as the staff everyone is very pleasant and handled me very nicely. I am very grateful to Dr. Okafor for making me better.",100799155,RateMD
1660868,Wonderful physician and staff I give it a 10?? . Very pleased with my results . I … I had Upper blepharoplasty and lower laser resurfacing CO2 of my  orbital.  Dr Marzek will let you know what you need and gets to the point . Thank you Dr Marzek,100380127,HG
1191623,"She is the reason that my RA pain and stiffness increased. She and her office are also hard to reach. She needs to learn to read records from previous doctors and to listen to and have compassion for her patients. I had two apptmts with her. One in April 2021 and the last on May 7. She got the records from my Dr in Kyle Tx(Because  I moved from Austin Tx to Dallas area Tx area.)  Despite what we talked about at my Dr apptmts and the records she got from my previous Dr, she changed my medicine to 8 pills weekly for methotrexate. I had told her at the interview/Apptmt by telemed, that I had been on 8 pills weekly but Dr Martinez had to raise it to 10 weekly which has been my current dose for a year or more. She also tried to send it as an injection, which I never had before. DO NOT EVER GO TO THIS DOCTOR, if you value your health.",100269709,HG
3207241,"You pick up the phone and call a renowned NYC specialist in the midst of a RLS/depression episode and he answers the phone. You read that right. Dr. Glen Brooks spent the next 30 minutes on the phone with me getting all the details, history, list of current meds, etc. He called in the much-needed meds to my pharmacy in NC. This stranger was there for me when I didn't know where to turn, and he has answered every email I have sent in a timely manner. This man has the patience of a saint! There are no words to describe Dr. Brooks, other than a gift from God. Thank you, kind sir from the bottom of my heart—Nancy Thompson, 66",100734387,Vitals
1498409,"Dr Samimi is one of the best health care specialists ive ever met...
He takes his time, is extremely diligent and meticulous!  He has a acute sense and knows how to ""read between the lines"" in which ive seen very few doctors been able to do.  If all health care practitioners attained half of what he does, the health care system wouldn't be so broken..               
   Thank you Dr Samimi and staff..   AM",100343378,Vitals
3465242,Dr. Scheve is the best obgyn I've ever had in my life. She is very professional and knowledgeable. She is very caring and always takes all my concerns and questions very seriously. I highly recommend Dr. Scheve.,100794338,Vitals
3888855,"Dr. Musgrave is the best doctor I have ever come across. He's very caring, knowledgeable, compassionate, listens, and goes above and beyond to help his patients. My health has improved so much in the past few years since going to him. What sets him apart from other doctors is the interest he takes in you, as his patient, and how much he wants to see you to healthy. He really loves his patients and helping them succeed. I would highly recommend him.",100889266,HG
700853,"I had a visit at the cancer center for a mammogram I was subjected to questions whose answers were readily available had my medical records been reviewed even in the most cursory fashion.  The question required me to go through extremely painful and traumatic medical history. My history excused me from Dr. Plichta's clinic. When asked who required this information, I told Dr. Plichta. 

I left in tears.  

While it is likely Dr. Plichta is a gift scientist, she has yet to learn patients are individuals and should be treated as such. They are not simply data points to be analized.  A patient's humanity should never be ignored.  The Hippocratic oath states, ""First, do no harm""  the outcome of my interaction was the opposite of positive.",100155517,HG
1320468,"Excellent surgon, very attentive no waiting, calls you direct and has your best intrest in mind.",100300607,Vitals
2410808,Been going to Dr. Wolf since my son was 18 months old now he's 14.,100552503,HG
120295,Dr Spears is one of the best trained physicians in this area. He is attentive and quite thorough. We followed him from his previous practice in Lake Mary and have been patients for years. We highly recommend him as a primary care doctor.,100025067,Vitals
4687498,Everyone was very friendly and helpful.,101072966,HG
3004204,Grace is the epitome of style and grace and dignity!,100690850,RateMD
2477675,"Dr. Dean took time to explain my daughters injury thoroughly. His beside manor was great, and after surgery he took time to explain the entire surgery and what we should expect.",100568218,HG
4126827,"He's not all touchy feely, but he gets the job done. He's not going to dig around and ask you a million questions if you aren't going to work with him, but if you start talking, he will listen and ask follow u questions. He really just wants to do the work well. He also communicates via text which to me is a plus. He was really easy to reach about refills, changing appointments, etc. I'd recommend him but remember that he is a medical doctor and not a therpist.",100943689,HG
2728308,"I saw Dr. Wadlow for a little over a year. once.  Every office note described his assessment of my physical examination. However, he only examined me once and that was because I asked. How unfortunate. He was not a good phiysician for me...so it's hard for me to recommend him to others.",100622512,HG
836365,"My appointment started out well.  Dr. Lothes is affiliated with the Abbay Neuroscience group, very nice, sparkling new facility.  The office staff were courteous, but explained that Dr. Lothes had an emergency surgery, and would be delayed.  After waiting over 2 hours, finally was taken back to exam room.  Had a very complete neuro exam by a very competent RN.  When Dr. Lothes finally arrived, he showed me images of my MRI of the cervical spine(11 months old), and and explained to me that there was absolutely no structural problems with my neck.  I tried to explain my worsening symptoms over the months(hoping he would order a new MRI), he cut me off very abruptly, and suggested physical therapy(in progress), and told me if I had further problems, I should see another Dr. who could help me learn to live with my problem.  It was the longest 7 minutes of my life(I timed it), don't know that I have ever felt so belittled.  Now I understand why physicians get sued.",100189498,Vitals
4854921,"My doc for 20 years...I trust him with my health, personal well being and my life.",101110299,HG
1728361,"Dr Long interacts very well with his patients.  He's a kind, caring professional. I would highly recommend him to anyone",100394916,Vitals
134716,I've been going to his office for a while and this is the last time i will ever step into his office. He caught a nasty attitude with me because another doctor did blood work for me. He criticized my judgement and diagnosed me with no proper tests being ran. He is so disrespectful. He embarrassed me so badly and I couldn't even keep myself composed. Dr. Martin has no remorse or respect for his patients . NEVER GOING BACK!!!!!!,100027389,RateMD
178520,Dr. Davis explained the procedure thoroughly.  I had no surprises and I am completely satisfied.,100037967,HG
2798161,"This doctor is knowledgeable, experienced, compassionate and kind. She gives you all the time and attention you need and treats you with dignity, making sure you understand everything and allows you to choose the treatment that you are most comfortable with. Truly an outstanding professional.",100641306,HG
30349,Dr. DelaCruz and his wife are both absolutely amazing.  They both go above and beyond when caring for their patients.  I thank God for them everyday and especially for saving my little Hynnlee.  They are genuine people and I would never think of taking my children anywhere else.,100008009,Vitals
4339595,"Intelligent, direct and empathic to a patient's concerns about quality of life after prognosis and treatment. Top notch cardiologist and kind person.",100995177,HG
1391096,I am a patient of Dr Panchamia's.  I have followed him from his office in  Zephyrhills to  Lutz and now I travel to Riverview.  I have chronic pain as a result of multiple lower back issues and thanks to Dr. P I can live a full  and active life.,100316327,HG
1536716,"So personable and understanding. Treats you like a PERSON, Not just a patient. Look forward to my future appointments!",100353017,Vitals
2692149,"Great listener and extremely patience. After having and trusting a wonderful doctor for 45 yrs, I found Dr Cevetello  with the same qualities right hear on the Island.",100615094,HG
1447292,"my name is Ali Dr.soni is the best doctor that i ever had. he listens and understands my concern. He knows me , that to me is real!!!!!!",100334680,HG
202394,"Dr. Yuen is an excellent physician. He explains exactly why he is using the various options for treatment, as well as, medications. He is friendly and his nurses are great!",100042872,HG
4101633,"All around excellent care, and results., I am very pleased using Dr. Polack for my cataract surgery.Everything turned out as was explained. I no longer need to wear glasses while driving at night.",100939063,Vitals
468952,I am very lucky patient to have him my doctor for 22 years!!  I can't imagine what happened with my fears  without him . He has always a great smile on his face so makes me feel safe  and very comfortable!  He is a great doctor professional and humane,100107117,HG
4650880,"Great doctor! She is very open to answering ANY question. Even on a yearly exam, I feel like she remembers who I am and provides me with her undivided attention.",101063540,Yelp
2048739,"Dr. Skoultchi is very helpful and knowledgeable.  He is always super nice and very personable.  My son is 9 months old and I am happy we went with Dr. Skoultchi.  He gives great advice and offers suggestions to help with any problem you may have.  Even during our introductory interview, he showed that he was very open - even to non-traditional approaches (alternatives vaccination schedules, etc).  I really value his opinions and respect him as a doctor.",100469464,RateMD
4020945,Best in care,100922622,HG
4879654,"Never even tried anything with my husband who had pancreatic cancer. Spent a month on testing just to tell us that now it had spread to the liver area and no treatment would help. No hope, no solutions or suggestions to trials. He is not friendly. Feels like you are just a lab rat he is experimenting on. He could careless about the outcome he produces. Run to another doctor while you are still alive to do so.",101114783,Vitals
957060,I've been seeing him for over 15 years.. he's caring and compassionate and honest. He can't ever retire.. he is too loved ..;-),100220920,RateMD
2946474,Amazing doctor who really cares about his patients!,100677534,HG
1750962,10 Stars!!! Goes above and beyond.  Dr. Hirsch more than exceeds my expectations.  He invest times with his patient to help us understand our treatment plan.,100401792,HG
4289979,"If it quacks like a duck and walks like a duck, it might just be a quack",100983166,HG
3243211,Been a patient for 24 years now and he is the best Dr. I have ever had.  Explains everything saved my life by identifying my prostate numbers and sent me to the best Urologist and am now cancer free.<br>Thank you Doc!!,100743937,Yelp
67200,"Amazing Doctor., kind and thorough.",100014233,Vitals
3371671,"I believe this doctor is either burnt out, hates her job, hates people, or is a psychopath.

Long wait, over 2 hours.

Two nurses take vitals and ask several health history questions, most of which I had already filled out on their paperwork that had been mailed to me.

Dr. Ahmad enters room, introduces herself, and gently shakes my hand.
She tells me to sit on the exam table.  She glances at my paperwork sitting in front of the nurse.  She tells me the Armour Thyroid medicine that I take is outdated and can cause problems.  I open my mouth to speak, wanting to tell her the reason I switched to Armour was because my T3 had been very low after a few years on levothyroxine, but she cut me off after one word.  She stated that if she wanted to hear me talk, she would make an appointment with me in my office.  She is the doctor, and this is her office.  She insulted the doctor who prescribed Armour for me.  She said he is not a doctor if he just filled whatever script I asked for.  She made a lot of assumptions with this statement.  I felt as if I could not speak, or she might leave, and I had waited months for the appointment.  I have an anxiety/panic disorder and depression, which she either didn't know, or did know, as all of my pills were sitting in front of the nurse next to her.  I began to shake and cry as she continued speaking in a horror movie like calm voice, looking directly into my eyes, insulting me for choosing a 100 year old medication, going with a natural medication instead of science.  She spoke to me like a mentally slow first grader, and would not let me respond.  She checked my breathing, which was shaky as I was crying and just focusing on not going into a panic attack. She palpated my thyroid by gently tapping both sides several times.  She asked if I felt pain or pressure around my thyroid.  I told her where I felt pressure.  She said that's the anxiety.  She had me hold my hands out in front of me and spread my fingers.  She asked how long I had such shaky hands. I can't remember what I said. I either said a few years, or it's just the anxiety. She asked why I had waited over a year to have my thyroid labs done.  I said because it's scary.  There were other reasons, but I didn't feel like going into them with her, and it didn't matter, I was there now, but I didn't say that. When she finally paused for breath after accusing me of assuming I know what medication is best for me, I tried to appease her by saying ""I don't know what I'm doing.""  This is true.  I know I'm not a doctor, and I'm not self medicating.  I'm there to seek her professional knowledge and have labs drawn, but I didn't say any of that. This was a huge mistake.  She started what seemed like a 10 minute rant.  She repeatedly stated that I should not pretend to be helpless.  Pretending to be helpless would not help me.  I am not helpless, as I asked for Armour Thyroid over Levothyroxine.  She stated that I am an adult, and I am intelligent, and can think for myself.  This was contradictory to her not allowing me to speak.  She said to never say ""I don't know what I'm doing.""  She said that was a lie, because I knew what I was doing asking for Armour.  She handed me a tissue for my tears.  She said she was there to help me, that she was a doctor and wants to help her patients.  She said she didn't want to hurt me, that she was there to help.  Then she said she wanted my labs from my previous doctor, even though I'd had my labs sent to her from the last endocrinologist I'd been to, but that wasn't good enough.  She wanted labs from the primary doctor from a year and half ago  before she did anything else with me.  She did not order labs for me.  She did not ask what my current symptoms are.  I didn't get to ask a single question.  She left the room.  The nurse said I needed to get my labs from my doctor sent to her, and then the office would call me for my next appointment.  She asked if I was okay.  I said fine, I just don't like doctors.  She said something like, yeah, lab coat phobia.  After reading reviews of her online, I see that she is also dangerous, and has caused harm to patients.  I think I will just go to my primary for labs now.",100771805,Vitals
4612037,"Dr Wiseman is very knowledgable and thorough.  She is kind, caring and logical.  She treats the whole patient and makes excellent referals to very competent Drs. I have been to her once and trust her to do the best.",101054091,RateMD
2923637,"After several visits to Dr. Foster over a year and a half (trying to give him a chance), I've concluded that he's just gotten complacent in his job.  The first couple of appointments were fine and involved him ordering a round of standard tests and ordering the routine template of medicines for seizures.  Over time, he became intolerably rude and even somewhat aggressive.  After I chose to have brain surgery to correct my seizes, he almost went into a childlike fit and I never could figure out exactly why.  I told my neurosurgeon about this and he called Foster himself.  During my last visit, I just so happened to be walking by the front desk and heard the administrative staff on the phone with someone say, ""I really sorry you're having so many problems with Dr. Foster but you are welcome to see any of our other doctors..."".  Moreover, I just called the staff to transfer my records to another doctor at Inova Fairfax and the woman just hung up on me.  Previously, the straw that broke the camel's back was the very first appointment after my surgery.  After I waited an hour in the waiting room, he came in and opened the door and pointed at me and motioned with his finger for me to come with him and didn't look happy.  He appears to think he's the principal in school.  This is where I drew the conclusion that he's gotten way too complacent to be treating brain issues.  Perhaps,  he should conduct some quiet self-reflection.",100669578,Vitals
606517,"Not only did Dr. Leo Gosselin remedy my painful and debilitating condition, in doing so, he stumbled upon another potentially life-threatening issue that may not have been discovered otherwise. Dr. Gosselin is obviously highly skilled and I was so fortunate to be his patient. His witty sense of humor and compassionate bedside manner are bonuses.  He's the real deal.
With my deepest gratitude,
Wm. Tinsley",100136526,Vitals
4671183,Ran required scans and tests developed treatment plan,101066952,Vitals
2217083,"quick, timely and courteous service. Very professional",100505953,Vitals
3422847,"My experience was horrible...had rhinoplasty 2 years ago and now I have new bumps and dents on my nose. The doctor strung me along for 2 years trying to tell me it was all normal and would get better with new excuses at every visit. I'm very unhappy with the results and I requested a refund but at this point, their office refuses to even return my phone calls.
Incredibly unprofessional and disappointing.  Would definitely NOT recommend this doctor.",100784225,HG
3032906,Great lisener who is respecting of patient's knowledge base. Explains things whenever necessary and goes the extra step,100695894,Vitals
1746273,Stay away from this practice.  Took significant advantage of new patient with limited English capabilities by running excessive tests and not working with patient on best course of action based on insurance coverage.   Makes me ill that there are practitioners out there like this that will take full advantage of anyone they can.,100401105,HG
483453,Dr. Humphrey is the best.  He was very patient and caring wanting to get to the root of my problems.  He called me in the evening to inform me of my test results and wanted to schedule me to see a neurologist for another problem he noticed.  He is the most caring doctor I have ever seen.  He is very thorough and professional.,100109553,Vitals
67348,"Worst physician I have ever dealt with - beware - total hot head - shouldn't have a license to practice medicine - inexperienced - short tempered - ""jerk""",100014343,Vitals
1355652,I have had the pleasure of dealing with this team for the past month. Everyone in the office has been pleasant and professional. Dr Schubkegel is knowledge and talented. My surgery was a success and I will be back for future visits! Highly recommend!!!,100310444,RateMD
2169284,"He&#39;s an Ear, Nose, Throat doctor.<br>Called yesterday and was able to get in today.  (Some of the other doctors I called weren&#39;t available for weeks!)<br>I downloaded the new patient forms from the website and brought them with me, which enabled me to be in and out in about 40 minutes:<br><a href=""/redir?url=http%3A%2F%2Fwww.mkiment.com&amp;s=32824077f1b6765a7d0011721da9c0a805c273165dfbe8305bf195076861c805"" target=""_blank"" rel=""nofollow"">mkiment.com</a>  <br><br>Dr. Kim was brief, though he explained my condition clearly, and worked within the bounds of my insurance when choosing the best treatments.  He simply gave me a sample of the name brand nasal spray that my insurance wouldn&#39;t cover.  They even sent my other prescription directly to my pharmacy of choice.<br>Efficient &amp; friendly overall, so I&#39;ll definitely go back again.",100495028,Yelp
3787733,Very rude.. Must have a God complex. Don't waste your time unless you are paralyzed.,100864334,HG
622136,he may be a good dr.  but his compassion and bedside mannor suck,100138743,Vitals
3571102,"VEry compasionate, knowledgeable, available when it is necessary, able to spend more time with you if necessary. Highly appreciate by hispanic population",100818535,RateMD
2454711,He is very nice,100564343,Vitals
832833,"Acquired an extremely rare condition.  Dr. Philipp figured it out, helped me manage with it until it was eradicated.",100188974,Vitals
4080620,Dr. Higley is very professional and has always been right on when it comes to my babies.  I know I can trust him and his professional opinion.  I have been dealing with Dr. Higley for 9 years and he is awesome.  I recommend this practice to all my family and friends.,100935796,RateMD
3933460,Had a great experience. I was able to get an appointment the next morning which was great because the other offices near my home were booked at least a week out. Dr. Chiang is very knowledgeable and answered all my questions. He even came back in and answered a question I thought of after he was done. My skin cleared up in a couple days and I am trying my best to follow his recommendations so it doesn&#39;t flare up again.,100900359,Yelp
3113221,informative and comfortable,100712969,HG
2196260,"The only thing to say is that he and all his staff are kind, responsive, compassionate, and caring.  We meet the Doctor ""O""  when we first moved to Sanford three years ago during a hospital stay, he happended to be the one on call.  WE have traveled the world and seeing many different medical providers and we determined that we have no desire to see anyone else. He is the best and has always provides sound advice and treatment.  His only fault that we can see is he is a ""DUKE"" Fan go ""CAROLINA"" but we can forgive him.   Many thanks to you and your staff  for your efforts.",100502784,Vitals
2025417,Excellent office staff and Dr. Lim was fantastic.,100465517,Vitals
2503134,"I have been a patient at Northwest Women&#39;s since 2010 and I recently left the practice. I was satisfied with my care before I ever became pregnant and even through my 1st pregnancy in 2015 that was perfectly normal. However, I got pregnant with my 3rd baby summer of 2019 and the pregnancy ended in miscarriage in September 2019. I was really disappointed with how my OB handled the miscarriage in office and in terms of follow up care (or lack there of). I found out via a regular routine ultrasound in the office at 12 weeks that there was no heartbeat and after that my OB very quickly wrapped up the appointment and told me I needed a d&amp;c. She recommneded that I go to a private practice to have it done but left the room without providing any information about the practice (location, phone number) and I had to go into the main nurse area to be like &#34;um hello can someone let me know where I&#39;m supposed to go for this?&#34; The d&amp;c was totally fine and I had them send a chromosomal sample for testing to find out if there was a cause for it, and the d&amp;c doc said they&#39;d send the results back to my OB. After 3 months of waiting I hadn&#39;t received a call from my OB to follow up to see how I was doing post miscarriage, which maybe was unrealistic to expect? Nor had I received any follow up info related to my d&amp;c results. Finally I called labcorp and got the results directly through them but also confirmed they&#39;d send them to my OB, which they had. After a few calls to my OB office a nurse finally called me back and said they had my results and my OB would call me within the next few days to review the results. It has been 2 months and she has yet to call me back. I ended up forwarding my d&amp;c results to my fertility specialist who is wonderful and got back to me about them within 24 hours. So after this I decided to leave the practice for a more compassionate and responsive provider. Hopefully my experience is not the norm here and somehow something slipped through the cracks but it was incredibly disappointing and pretty awful patient care. Maybe they have no idea how to handle anything other than simple routine OB and pregnancy care but given the % of women who miscarry I would expect a big practice like this to have MUCH better in office and follow up care regarding miscarriages. It made the whole experience even worse than it already was.",100573168,Yelp
714753,Wait time in the waiting room and exam room is not to bad. I've waited longer in other dr's offices. I had my right shoulder replaced with great results and needed my left one done.  I was in no hurry but Dr. Jones encouraged me to do it soon because of my age.  Older you are longer the recovery. I agreed and when they did the cat scan they caught my lung cancer.  They caught it in stage one which is very rare. I had surgery to remove part of my lung which I don't even notice and no further treatment.  I feel so lucky Dr. Jones talked me into that left shoulder replacement.  Got that done and doing great. A big thank you goes to him and his staff for giving me two shoulders that feel and work so well. Love his staff they are so friendly and return my calls when they need to.,100160534,HG
3835816,My checkup after my surgery went well. No red flags. Dr McLennen recommend some physical therapy to help my recovery. Thanks to him I will soon be back to normal.,100876038,HG
2792800,She actually DID NOT WEAR A MASK AND ASKED ME TO TAKE OFF MINE AND BREATHED RIGHT IN MY FACE.  After A YEAR of being careful  because I am immunosuppressed I may now get COVID thanks to a DOCTOR!!!!  The mayor of  a city in our county was just buried YESTERDAY.  He died from COVID!!! MY GOD what is wrong with people!,100640390,HG
2022987,"Very knowledgeable, skillful in the OR and very personable.  Would recommend him to anyone.  Excellent surgeon and more efficient (less time on the table) than many other.",100465101,Vitals
1848986,Every time I go for a visit I always get seen fast and I never need to complain. It's one of the best Doctors I've ever seen.,100425369,HG
2551500,The office ran very smoothly. They fit me in the same day and I only had to wait for 15 minutes.a. I saw Dr. Cramer in Bryn Mawr.. He was professional but very nice. He knew what was wrong right away. I was impressed with the care.,100583620,HG
4396977,"I visited various physicians but none seemed to want to do anything to start treatment because my results were borderline.  I started treatment with Garg and the results have been positively surprising. Waiting times are 1 -2 hours, sometimes no chairs are available.  The staff sometimes transfers you to the sleep center if they can't answer the question and the sleep center transfers back.  Getting any supply or prescription need questions answered outside of appointment hours is nearly impossible.  Nevertheless, I can't argue with dramatic results from treatment of a condition that was technically challenging to diagnose (6 sleep studies in).",101009016,Vitals
3799928,Dr. Kall is very  caring and informative.,100869564,Vitals
3016904,"I started seeing Dr. Toby back in 1995, he has not only been a Fantastic Doctor treating my many ailments "" High blood Pressure, High Chol., Heart attack, Diabetes, Diabetic Neuropathy, & a couple others, but he also has a great bedside manner. Over the years we have also become Good friends. Hope this helps someone.",100693088,Vitals
409858,Very thorough and really addresses all my issues.  Very happy with Dr. Azimi and his entire staff!,100091504,HG
1069867,"My son, 13, has been to the practice for basic acne. He has a mass in his ear that the ENT, after two rounds of antibiotics, wants his to see a derma due to the ongoing mass. The office, rudely, said they can see him at the end of the following week. Really? the kid is in pain and cannot live on antibiotics. I asked if they can please put us on a waitlist if someone cancels and the receptionist says, &#34;We are far too busy to have a waitlist&#34; ... wow!",100244371,Yelp
3842506,"Very happy with Dr Ware!
She figured out what other doctors couldn't. She spent an entire hour with me on the first visit and my second visit was atleast a half an hour!
I would reccomend her to anyone that needed to see a specialist!",100880463,Vitals
2979492,Dr. Weaver is excellent. He takes the time to explain everything very well and answers all my questions. He is very knowledgeable in the field of surgery. He has operate on me and I have full confidence in him.,100682750,Vitals
641822,Dr Mahaffey is a very good listener when you tell him your symptoms and concerns.   I would highly recommend him he is taking care of me my daughter and my granddaughter for several years very satisfied,100142148,Vitals
2539341,Great office!!!!!!!!5 stars highly recommended.👍😃.,100581506,RateMD
591949,"Dr Patel is a very good doctor.  However his support staff leaves a lot to be desired. I have left 5 phone messages since late April about the status of something. I am always told they will get back to me, but NO ONE has ever done so.  Very disappointing.",100134264,HG
1342943,"Dr. Tharp , is extremely knowledgeable and personable. I never was made to wait. And if ever I needed to contact him or his staff, they were super speedy in responding by my inquiries. The office is inviting and his beautiful staff members are friendly and helpful in every way.",100304654,HG
2004283,"I was so scared but excited to have my mommy make over. I called the office the week before my surgery to let them know abd was able to set a appt to come in and dr. Lavine sat with me for about 20 min and let me know what was going to happen, what real results to expect and what was out of my league. He was amazing before during and even better after surgery. I ended up being unhappy with my breast size and him not doing the lift like I wanted but because of the size I went it wasnt possible at the time. I let dr. Lavine know I was unhappy and came in and talked with him and am having surgery in 2 months for him to fix them for no cost to me. His nurse Casey is truely amazing also. She can answer all you questions and concers and she makes you feel totally comfortable. They make a great team!",100462352,Vitals
4784876,"Best primary care physician my husband and I have ever seen. Dr Huerta is patient, thorough and extremely focused on the whole health of her patients. We are in our forties and are fortunate to have the opportunity to build a healthy partnership with a doctor who cares for her patients overall well-being.",101092326,HG
1791492,"Very rude, did not explain what exam he was going to perform on a child and got angry when they flinched. Seemed annoyed if you asked any questions. Would never return or recommend anyone.",100412379,HG
297767,"I have been to many different dr's offices and I think we've found the one we're going to stick with.  The office was very nice, the staff was very nice, and Dr Bekemeier was great.  He was friendly, listened, and took his time.",100063362,Vitals
2937474,It's very refreshing to have a doctor who will first listen and then give you direct advice will no fluff.  I've used Dr. Bauer as my primary physician for two years and feel so fortunate to have him in Brighton!  He's invested in Brighton and we are very lucky to have him.  If you're looking for a great doctor who is talented and brings a great sense of humor with your best interest in mind go see Dr. Bauer you will thankful that you did.,100672747,Vitals
1424580,"I have had 4 back surgeries, all done by Dr. Falahee and he was wonderful. I would not go to any other doctor. Now I am looking for a spine doctor for my mother in the Denver area and can't fine one that compares to Dr. Falahee.",100326269,Vitals
4351730,"Lacks compassion, audacious. My office visits feel like I'm going to court. As a retired health professional myself, I tolerate my visits.",100997112,HG
310329,I am grateful to have found Dr Campbell.,100068982,HG
3145104,"A JOKE!! Baldwin has no time or patience for you! She cared more about performing a surgery for a miscarriage then she did when I was actually still pregnant! The front office is uneducated, rude & disrespectful pertaining to your information! And the billing department...WOW, just WOW!! Quick to take your money, but if they take to much, they don't want to refund you! I've had to jump through hoops since day one & no longer a patient(by choice), I'm still having to jump through hoops! Everything is someone else's fault according to the staff at Halifax OBGYN!! Everything from an ER doctor was wrong, to my personal bank is wrong...just not Halifax OBGYN!! I'm now being told my refund could take 7-8mos, yes, 7 to 8 MONTHS!! I highly recommend a doctor where you're not just another number!! I wish I had read reviews before going to Halifax OBGYN!! Stay AWAY!!!!!",100721521,Vitals
4012873,First time here..left work early to wait over an hour..while I was in waiting room two patients walked out  because they had been waiting two hours. Which was why I was seen after an hour...doctor was nice...only reason id go back is for the doctor..and convenient and close to work..dont get the cash only..,100921533,Yelp
1005017,Quite possibly the best OB/GYN visit I've ever had.  She spent a lot of time getting to know me and my history.  I didn't at any point feel rushed.  The whole staff treated me with respect.  I can't say enough nice things about this place.,100230308,Vitals
480547,"Dr. Asma is amazing. I consider myself lucky to have found her. I am 65 with a lot of health issues and questions for her on every visit. She is always very patient and makes sure she answers all my questions, concerns, and gives me very detailed answers. I would recommend her 100 percent. Amazing doctor!  Her staff was also very polite and helpful.",100108948,HG
5419,I am glad to finally find a physician that listens to me and cares about my health.  She takes the time to hear my concerns and addresses them with me.,100001281,Vitals
3725204,"Thank you for taking me in an emergency situation. I received excellent care throughout the entire surgery, during treatment, and after treatment.  Dr. Weikert really looks after and takes care of his patients.",100850191,Vitals
2945923,"I have been a patient of Dr. Chakerian for nearly 10 years. I couldn't imagine having a better doctor. I am shocked at the other reviews. Not only has she effectively treated my pain and kept me working, thank God, she is always exploring newer and more effective pain management for me. If she is late, it's because she never has rushed me, or I have to assume anyone else, out of an appointment. She works with me until we find some sort of solution to keep me going. She stays up to date on all new meds and procedures and offers them all to me as an option then thoroughly discusses any side effects etc. Her super calm demeanor comforts me, I'm usually a mess and stressed by the time I get into an appointment. Multiple times she has been able to get an authorization for procedures such as epidurals within a day or two...Fantastic! I guess it's true that only unhappy people write reviews, I'm happy to offer mine.",100677429,Vitals
4882746,the coolest! would recommend to all women.,101115573,HG
3946788,Me and my husband Lester just love Dr.Florin he is so kind and understanding make you feel at ease.,100906877,Vitals
4640824,Very pleased with outcome and care received.,101061833,Vitals
2762942,"We had the best experience with Dr. Pope all throughout my pregnancy.  I needed to have a c-section and he came to St. Luke's on his day off to deliver my son at 9:55 PM!  Dr. Pope is so caring and recognizes aspects about his patients other doctors do not take the time to notice.We highly recommend his Mattapoisett, MA office staff as well.",100631316,Vitals
4829269,"Dr. Carroll is knowledgeable, but not worth waiting, paying for unvalidated parking (which costs more the longer they make you wait), & dealing with the disorganized office staff. My 1st visit, I waited 75 min in the waiting room & another 25 in the exam room.  On my follow-up visit, I only waited 15 min in the waiting room for one of the first appointments of the day, but spent over 30 waiting in the exam room.  I had to call the office 3 separate times to get my test results from the doctor.",101102553,HG
765990,"Had to be checked for heart trouble yesterday in Scottsdale, Az. This fellow is the ""BEST""!
Wish we had him at home.
Have a wonderful trip to visit 100 year old grandfather Doc. And thanks again for everything!",100173850,Vitals
793527,Very personable and easy to talk with. Gives options for treatments . Appears very thorough in exam.,100180444,HG
3807270,"Dr. Powell diagnosed my dad with inoperable lung cancer. While that's never the kind of news you want to receive, he was extremely patient, kind and compassionate. He took time to explain everything to my dad, as well as my family. You could tell he was truly concerned about my dad and wanted to give him the best quality of life possible.",100870917,Vitals
4351781,"Have been going to Dr. Nardandrea for over 25 years. He is always in a great mood, cares about his patients and takes the time to listen and answer questions. One of the most intelligent people I have ever met.  Don't  know what I would do without him and his staff.",100997112,HG
4775815,"Dr.gray is a good doctor i feel comfortable around ,she is very helpful.S",101090295,Vitals
735749,"Doctor Kane is great. I am 73 old male and healthy except for my shoulder problem. I went to doctor Kane for a consult. That day x-rays were taken and I had an mri several days later. I met with the doctor we reviewed the results and he explained the surgery protocol. We set up the surgery at the ""Honolulu sports and spine center""(highly recommend). The surgery took about an hour, the anesthesiologist was excellent again explaining his part in the surgery, incidentally he has worked with doctor Kane for many years. The surgery went well (not as much shoulder damage). I immediately began physical therapy at ""jaco honolulu"" (also excellent) and had a post surgery followup the next day with doctor Kane.  Doctor Kane's support staff is wonderful. Jane the manager is on a first name basis with the X-ray,mri and hospital and physical therapy staff.",100164414,HG
775014,Atmosphere is very caring and I always receive very professional and quality care from Lainie. The staff are superb and very helpful. There are never long waits to be seen.,100175510,HG
2721224,"The first time I went to her, everything was OK I thought.  She examined my breasts and claimed she felt a knot and dimpling; I have never had a problem in 30 yrs but she stated I needed to go to a specialist right away.  She got an appt for me 10 days later and the Breast Specialist ran several different tests found nothing. 2nd time I waited over an 1hr +for her to discuss pap lab results.  Again, she gave a mis-diagnosis. I would never go to her again or recommend any of my friends or enemies.",100621288,Vitals
2486600,Dr Aenlee diagnosed my Parkinson's disease quickly by in office examination and a DatScan. I am at stage 1 and Dr Aenlee informs me of the various therapies available. She let's me be part of the decision rather than her solely dictating. Every Parkinson patient experiences the symptoms differently. She treats you as an individual with your own unique needs.,100569569,HG
3635158,Totally missed diagnosed me for approximately 12+ months. I have Leukemia (AML) not Neutropenia. He had me on unnecessary injections rather than  pay attention to my escalated health conditions and symptoms. My family physician ordered follow up blood testing and fast tracked me to Florida Cancer Specialists. Bone marrow results then immediately had me sent to Moffitt where I received the proper protocol and bone marrow transplant. I was dying. Be your own advocate!,100829097,HG
1070828,Be prepared to wait 40 or more mins after your set appointment time to see the doctor. Very disrespectful of their patients&#39; time.,100245690,Yelp
1164707,"If you are looking for professionalism, look elsewhere. This ""doctor"" will leave you hanging for your prescription for days at a time, with no explanation and no apology. I have no idea who would have granted this ""doctor"" a medical license. I have no doubt he paid for his license. After going through painful withdrawals without my medications, on multiple occasions, they refused to take my phone calls, stating they were ""slammed"" and too busy to refill my scrips. I even had to call on my friend's cell phone so they would answer my calls. Once on the phone, the receptionist gave more excuses why the doctor was not available to speak with me. They stated that they would need his approval to refill my scrips. When asked when he would be approving the request, they stated he was out for the day and they would send an electronic message to him. Of course, there was no way for me to verify if he ever even received the request, because my prescription was never sent to the pharmacy. This ""doctor"" should not have a medical license and should never be allowed near any patients. In fact, there should be a restraining order issued against him, to keep him from ruining any more people's lives. Please head my warning, do not go to this hack. He will prescribe addicting medications, that will make you dependent, not only on the medications, but to this horrible man and his practice of horror. Run! Run far away! And if you a current patient of his, please, report him to the Ohio Medical Board.",100264811,Vitals
4158836,When I got my Report from the Hospital I couldn't believe what this Doctor had written.  He knew absolutely nothing about what was wrong with me physically other than what he was treating me for and made 2 very out of the way remarks that I find very offensive.  Would not recommend this jerk to anyone!!!,100951820,Vitals
4472783,"Dr Schopp has been a life saver, he tells you straight forward and easy to get along with, he done my hip replacement in 10 and I tore the meniscus in my left knee he fixed it and just got done doing my right meniscus tear absolutely one of the best Dr's I've ever had he told me I needed a complete knee replacement but I was not going to die on his table after all the problems with the hip replacement you won't find a guy more straight forward and tell you exactly how it is he's absolutely the b",101024895,HG
1714326,"On the leading edge of minimally invasive spine surgery. Honest and extremely capable. Will take the time to discuss the situation, present options (not all surgical), and truthfully put forth his professional opinion for your specific case.

Mine was a nerve decompression and was completed as day surgery. A 3 hour surgery schedule. (arrived at 1PM and was out the door at 8PM - under my own power) No big cuts to recuperate from. ( less then a inch incision for instrument access)",100391982,HG
272751,"I felt rushed, and left with the feeling that my needs were not met. Dr. was unwilling to be an advocate for me. She's not prompt in reading labs, nor returning phone calls. Definitely not a fit for me.",100058878,Vitals
4119368,No explanation needed but here are a few negatives.....Never get you in on time and won&#39;t get your children in last minute. Find somewhere else who have more loving doctors care for your precious children. These doctors aren&#39;t the most knowledgeable nor the most compassionate. Very sad,100942039,Yelp
4509720,I visited dr Cho twice over the year because my prime Doctor is off. I had very bad expercine with Dr Cho. Basically I felt the worth after the visit. Once I had UTI. He told me I can die because of UTI. It's very blunt. He was unfriendly and almost rude. Terrible bed meaner. The second time he acted as mean can be. I wonder if he's a nice person or just the meaner. I def not come back to see him no matter what. I rather wait at ER for hours.,101034690,Vitals
2504691,She is an expert in her field.  You can not beat her as a family physician.,100573578,HG
2394791,"Dr Coker is an excellent surgeon who performed 5 abdominal procedures on me. She has superb bedside manner, and she takes her time to discuss your procedure outcomes with not only her patients, but the family as well. As being a nurse I was very impressed with her care, and would recommend her for your abdominal surgery.",100546879,Vitals
3409672,"Dr.  Arvidson helped me with my shoulder pain. I had several tears and after he gave me an injection, the pain was eased for a long time.  He does not recommend surgery unless it is truly necessary.  He has helped me, my husband, my brother and several friends (including our PCP).  I just made an appt. with him for my wrist.  You can't go wrong with Dr. Arvidson.  We are grateful to have him here without having to go into Boston.   His office staff are very nice, especially Kathy.",100782049,HG
403759,"I was hopeful about this doctor. She seemed nice. Then she became distant after a few months. Over time, she kept getting more and more impatient with me, and she convinced me this behavior was my fault because I was ""socially inappropriate."" One time she told me I was ""insightful"" for fearing her rejection. But the weird thing is, when I saw another doctor for a second opinion and asked both my current and previous therapist about this, they seemed bewildered by her judgment. They didn't even agree with her diagnosis. I've never been told I was inappropriate by anyone else before. Just that I doubt myself a lot, because I had really bad anxiety. I think that's why it was so easy for her to take advantage and why I ended up staying for so long. Eventually, she broke my privacy. Once, she yelled at me. It's been a couple years now since I stopped seeing her regularly. It's taken time to really recognize how much damage she did, and just how bad her behavior was. I'm a lot better now. And I think that's because I don't have her as my doctor anymore. I don't think she should be practicing medicine. I think she needs extensive therapy of her own. I look at the other reviews and I'm kicking myself for not speaking out sooner. How many others has she mistreated, who have stayed silent, like I did?",100088407,Vitals
3923953,"Dr. Theis really wants his patients to do well so he explains everything and answers all questions and, although his demeanor is relaxed, he listens closely to his patients.  He always provides patients their test results and, if needed, will recommend a specialist to handle something that he cannot. He has an excellent, attentive staff.",100898161,Vitals
1599402,This doctor is a thief he charge office visit 250 and for consulting another 250 if he checked you it will be another 400,100366586,Yelp
2404985,"Dr.Barnett is compassionate, kind, professional and extremely easy to talk with. She spent a great deal of time explaining the procedure to me. She is a highly skilled surgeon that came highly recommended to me. I am thrilled with the outcome of my surgery and had little to no bruising. I continue to refer many people to her, with the confidence that they all will be treated with respect, dignity and compassion.",100551559,Vitals
4522196,Dr Sniezek and staff are just outstanding. The office is a friendly and efficient place. It was a pleasure getting the initial diagnosis with no pain or apprehension and the doctor has a wonderful way of keeping patients engaged while being friendly and upbeat. Coming back for the procedure was comfortable with the experience from the first appointment. I have been very happy with the results.,101036662,HG
3682079,"He was very nice and straight to the point he checked me took his time and gave me a good feeling he knows what he is doing i don't care for his front desk clerk she rushes you off phone no trying to squeeze you in
guess its not her fault usually offices are instructed to not take more patients when understaffed",100839501,HG
319739,Listens to you carefully and uses good judgement in practicing medicine. Has many years of experience in dealing with multiple problems.,100070380,Vitals
175268,Very professional & courteous.  Genuine concern for patients.,100037493,RateMD
2804349,"My son had a checkup today. And I guess his pediatrician doesn't work at that office anymore, so I got this other doctor. She was giving Mason his check up and being extremely rough and the whole time her metal necklace is wacking him in the face! She began by checking his ears and was forcing his head and neck down extremely hard. Then she sticks a tongue compressor in his mouth and when she takes it out he starts bleeding! His mouth was filling with blood for several minutes! So she then goes",100642234,HG
868726,Always returns calls,100198492,HG
1224432,My wife and I were referred to Dr. Shaird several years ago by our G.P..  He has exceeded our expectations in all ways on many occasions.  His levels of expertise and compassion are second to none.,100277766,Vitals
173515,Dr. Hawkins is the best.,100037170,HG
1095600,I saw Dr. Ricci was one of the best doctors I've seen in a very long time. He take the time to listen to what you think is wrong with your own body and works with you to figure out the best course of action.,100250311,Vitals
3111140,"Last year an acute kidney stone pain episode brought me to this office.   Initially I got my appointment very quickly.  Doctor Saltzman convinced me for a more invasive procedure and able to book me into the hospital in two days.  The day of the procedure was the beginning of my nightmare.  I remembered after wakeup from the procedure at the recovery room, the doctor has long gone.  yes, doctor took off for a long weekend and I never saw doctors after the procedure at the hospital.  The nurse at the hospital told me that doctor did not perform the procedure he recommended, instead he put a stent into the tube and my stone was still inside.  But the unexpected stent caused more bleeding and pain over the weekend which required much stronger dose of pain control medication.   I called on call doctor for the office, it turns out Dr. Saltzman's brother is on call doctor at the time.  He picked up the first call from me and told me bleeding and pain were expected, then I was never able to reach him again.   My weekend pain was much worse than before the procedure and was knocked off by morphine till very next Monday when I finally able to talk with the office and requested to remove the stent ASAP.  A few days later, I granted an appointment and office told me removing stent procedure will be in their own office and they do this ""all the time"".  But I did not realize that this office has no nurse on payroll.  That's right, no nurse in this office, yet they perform medical procedure all the time.  During my procedure, the office manager/admin girl was called in to the room as assistance.  When I ask her question, she said that "" I don't know, I am not nurse, I am only an office admin personnel"".  She confirmed that there is no nurse in this office.  
After this experience, I fortunately got another appointment with an reputable urologist from B&W hospital, B&W doctor confirmed that Dr. Saltzman initially recommended invasive procedure would not be his preferred option based on my image data.  
This office is in a mission for more profit.  They shuffle people in and out very quick.  My advice is do yourself a favor, stay away from this office.",100712631,Vitals
723980,"After many years at the same pediatrician's office, we moved and had to find a new pediatrician.  Dr.  Weinberger came very highly recommended by parents in the medical field as well as peers in the same medical field.  I brought both my son and daughter to her office for and introductory and wellness visit.  She took her time getting to know each of their histories and she patiently listened to all of our thoughts and concerns.  She was very knowledgeable, professional and quickly established a great rapport with each child individually.  The office was very clean, the staff were all very personable, I was able to get a ""wellness"" appointment in a reasonable amount of time.  Their website and patient portal make accessing information very easy.  I am happy to say we have found a new pediatric home.  If you are looking for a new pediatrician, I highly recommend Dr. Weinberger.",100162281,HG
1502849,"Thank you for being attentive, knowledgeable, investigative, and compassionate.  You made me feel as if I was the only patient you had that day, as you was very patient and understanding with all my dilemmas.  Thank You",100344432,Vitals
1902541,Dr Siev is a very kind man & very good with my children. you never feel rushed. it can be hard to get a hold of him but someone will always call you back. he works at a big practice & everyone is very nice. only the front ladies of the medical group can be nasty,100438277,RateMD
850906,I'm 3 months post operative for gastric sleeve and I'm just thrilled with my results and my experience with Dr. Patterson and her practice. Dr. Patterson is very thorough. She is a straight shooter and doesn't mence words or sugar coat the process of pre and post operative. She provides every tool possible to help her patients. I had a wonderful experience at the surgical center and felt like I got the best care. Dr. Patterson is a wonderful doctor and has given me exceptional care. I had to pay out of pocket for the entire procedure and I think it's the best decision I've ever made. I had the absolute best possible recovery and I attribute that to Dr. Patterson's level of skill in this procedure. My scars are tiny and minimal and I had little post operative pain despite also having a hernia repair during my gastric sleeve surgery. I highly recommend Oregon Weight Loss Surgery.,100195667,HG
1045307,Very empathetic and professional.  She is a caring doctor who is very cautious and through in diagnosing my health conditions.,100239280,Vitals
3337898,Top notch health services. I got in as requested. Waited about 10 mins. Loved Dr Borgert. Office staff is the best. Always a smiling and very helpful.  So thankful for this place.,100763828,Yelp
3064202,I have been to Dr. Barnett for over 15 years. Yes you may have a wait to see him but it is worth it ALWAYS. He always takes his time with you and asks questions. And if I have ever had a problem with his staff I have always let him now and it has been taken care of. I will never see anyone else until he . And if we are sick we can always get in to see the NP usually the next day.,100704696,RateMD
2890631,"I recently had Mohs surgery performed by Dr. Auh.   She is a very professional, 
personable and understanding surgeon and I felt I was in good hands right from the start during my procedure.  As with any surgery, it can be a mentally daunting experience waiting for the lab results, so remaining positive is always key for me.  Dr. Auh and her staff were great and made the best of a difficult situation.  I would have no problem going back to Dr. Auh, should another Mohs surgery be required.",100660805,HG
4209950,"Best ENT around! She was SOOO good with our 4 year old girl. My wife and I can't say enough good things about Dr. Seybt! She truly knows what she is doing, treats parents and children better than any Dr. we have met, and is truly the BEST around! Do not go to Richland-you will be disappointed. Come see Dr. Seybt-speaking from experience, she is the best!",100963259,HG
206826,No accountability for confusion about what procedure was scheduled.  They tried to blame me for thier mistake.  Rude nurse.  I would not trust them with your body.,100045593,HG
3501142,Very kind and understanding what I was saying  and explained things to me,100801191,HG
2953397,Showed no interest in my health.  Rushed me out of my appointment and said everything was fine.Ergina  left and I was assigned this clown.,100678759,HG
1376666,A very professional and friendly office. Both Dr. Allen and his staff were informative and listened to all of my questions and concerns. I will certainly return and will recommend him.,100313685,HG
1142134,"She has been my doctor for 4 years. Very thorough, and professional.",100257930,HG
4886217,"Dr Scudday performed knee replacement surgery on my 84yo Mother 8 months ago, the surgery was not easy but he did an incredible job.  My mother is walking around like the new knee was always there.  Not only is he a highly skilled doctor, his bedside manner is commendable to say the least. I would highly recommend him to anyone.",101116625,HG
3729821,"saved my life twice, great guy",100851041,Vitals
454298,".  Dr. Singh and I met on a virtual appointment in the summer.  I immediately scheduled the surgery for the fall.  I met Dr. Singh on the morning of my surgery . . .it was a Thursday.  The procedure and all the activities before and after were well orchestrated and seamless.   Following surgery, I went home that afternoon and slept.  I worked remotely the next day (Friday) and the following Monday.  I was back in the office working on the 5th day (Tuesday).  I only used the walker / cane for 1 day.  It has been 7 weeks and I am fully healed and am able to move again.  Dr. Singh is amazing!  He has no restrictions and lets you move at your pace.",100102000,HG
2948811,Very thorough and caring,100678001,Vitals
828979,"15 years as a patient of Dr. Matsumoto, and he is the best dentist I have ever had.  Teeth are healthy, and the non-cleaning procedures I have had (one cavity and one chipped tooth) were painless and quick.<br><br>The dental technicians and office staff are excellent as well.  Highly recommend.<br><br>Plus, his office has the best view of any dentist in the city.",100188296,Yelp
2103796,"Dr Penuel was one of the most impressive physicians I have ever met, and I spent 25 years in the pharmaceutical industry interacting with physicians of all specialties. I met him after being admitted to Health Park from the ER and he sat down, asked me questions, listened to my situation and then gave me his assessment based on his vast experience and knowledge. And then he took extra time & effort to reassure me and my husband and to alleviate our fears of what might be!  Our next two interactions with him, before and after my procedure, we were equally as impressed with his compassion, confidence and knowledge. I can't imagine there is a better Gastroenterologist!",100481327,Vitals
49200,I absolutely love Dr. Siwik!  She has always been very attentive and interested in my issues.,100011123,Vitals
2153996,"This doctor is sneaky and highly unethical. She is so into herself that she'll get angry if you decide to question what she's suggesting. First, she wanted to do a d and c when it was completely unnecessary. She will always suggest surgery even when there's no need for it. I had a 
migrated iud and although xray and cscan didn't  show the iud, she used her influence to convince me to have unnecessary surgery and thete was no iud. It had fallen off which triggered the heavy bleeding i was having.",100492726,HG
2858207,The doctor explained what to expect in surgery and what to expect after the surgery. Every thing went as planed. The staff was friendly and helpful. Everything was explained what to do and what to expect after surgery. Jerry,100654754,HG
3224603,"I have been a patient of Dr.  Palminteri for the past few years. I must say that her professionalism, compassion, and humanitarianism is beyond reproach.

Dr. Palminteri treats her patients as human beings, not dollars. She intently listens to your health concerns and talks to her patients in lay-terms, not medical/scientific jargon.
Dr. Palminteri ensures that you fully understand your illness and treatment.

If you are looking for a pulmonologist, I definitely and highly recommend Dr. Palmenteri.",100737813,HG
3922540,"I really like Dr. Lukasiewicz (luk a chev its) and this practice.  It is a small simple office, but comfortable.  Feels like the kind I grew up with.  She is caring and she listens.  I have always been taken care of well, never prescribed unnecessary or inappropriate meds and I like her.  This is the third primary care physician I have gone to since moving to SW Florida almost 8 years ago.  The first was bad, the second had office practices that were unreasonable and the third was the charm.  If you get in to see her I believe you'll be quite pleased.",100897869,Vitals
1337968,"I recently went to Dr. Zoumalan to see if he could do anything about the incredibly prominent bags underneath my eyes- I have never been more impressed in my life!! Not only did the procedure produce AMAZING results, the entire experience was great.
Dr. Zoumalan and his entire staff made me feel so comfortable and at ease with their kindness and compassion. I truly feel as though they went out of their way to make my experience the best it could possibly be. If anyone is considering oculoplastic surgery of any kind, make sure you go to Dr. Zoumalan. It will be worth it, I assure you!!",100303729,Yelp
376825,"One of the most thorough, respectful, and patient doctors I've ever had. Some appointments will run long because he takes the time to discuss treatment options at length, answer questions, and explain the physiology of what's happening in your skin. 
Has a bit of an east coast air about him and may appear a little blunt, but I take it as direct.
I have no question that I am taken care of when in his office.",100082914,Yelp
1986286,"Beautiful offices and Katherine Weidenbach, NP-C,  was excellent. She did a complete exam for anything abnormal in a professional, competent manner. I would definitely recommend her. Plus, the entire staff was friendly and did a great job at their Ironwood Office.",100456025,Yelp
3638230,I have been a patient of his for about two years!!  He is very skilled in his practice!!!!! Thank you Dr.   Hoff,100829646,Vitals
4197904,"I spent over an hour and twenty minutes in the waiting room with my two toddlers.  One of the nurses was very rude to me, when I inquired about when I would be seen.  When I decided that I did not want see her as a doctor anymore at that appointment.  She abruptly cancelled my prescription of antidepressants that I have been on for four years.  No one ever contacted me about my cancelled prescription, so I didn&#39;t know until I went to the pharmacy to refill and there was nothing for me.  I went five days without my medication, trying to get in touch with her about renewing my description.  I experienced severe headaches, stomach pains, and depression.  I would have to think that that&#39;s illegal practice.  I should have at least been notified.  I decided to show up at her office since my calls were not being returned.  The doctor was on vacation, but her nurse was in the office.  I told her about my struggles even getting out of bed in the morning without my medication.  She basically told me to f-off.  She was so rude and condescending.    I had to go to urgent care to get an emergency refill.  Those were five days of anguish like I have never experienced before, and I&#39;ve had two kids!  I <br>It doesn&#39;t end there!  Her office also overcharged me by $100 for my last visit :(  I don&#39;t wish this kind of treatment on anyone.  On the positive side I found an amazing young female doctor down the street.  Dr Olivia Bajor, at 777 Milliken ave, is wonderful and highly recommended.",100961310,Yelp
36000,"Terrible surgeon, and poor, quick, bedside manner.  Not a very smart man.  All he cares about is money, and seeing as many patients as quickly as he can.  DO NOT  have GEORGE WHITE MD operate on you.  You will be as sorry as my wife is.",100008953,HG
4874341,Staff was very patient and explained every thoroughly.,101113822,HG
167081,The least reliable doctor ever.,100036101,Vitals
2445585,Dr Mubashar Khan is a unique and devoted physician. You would be fortunate to be in his care. He will be a brilliant addition to Legacy Heart.,100561274,HG
4214349,He is also a Great Doctor when he was at the clinic. Love the Whole Office.,100963980,HG
884696,"I WENT here a few years back. I feel like I should warn people about my awful experience with her. Not a good doctor at all. No bedside manner, no smiles, no warmth just coldness. Has no knowledge of what she&#39;s doing. Prescribed me medicine that I didn&#39;t need. I took that medicine for 2 weeks and was nauseous the whole time. How surprised I was to find out by another doctor I took that horrible medicine for nothing. Told her I had pelvic pain she told me cause I wear my pants too tight and to try looser clothes. What a idiot ! Come to find out by a different doctor I have endometriosis. If I wouldn&#39;t have kept searching for a solution I would still be in pain due to her not caring and not looking into my needs.",100201683,Yelp
203341,Dr. Landher is a very patient and cares about his patients. You can tell he is passionate about what he does.,100043604,HG
4166068,Absolutely love Dr. Miller and his practice. He did an amazing job on my surgery and gave me everything I wanted. Could not be happier!,100953127,RateMD
1518113,"Dr. Mocsary is a good doctor with the heart of a healer.  Of course, his knowledge and skill was of utmost importance when he saw my husband for a possible brain tumor, but his kindness and compassion and the time he took with us during that very stressful time meant as much to us as his knowledge and skill.  we are thankful VMC has a doctor of this caliber on their staff.",100349782,HG
558480,Dr. Soni is without a doubt one of the best dermatologist's I have ever been to. He was truly caring and once he madea diagnosis it was treated within days and I am on the fast road to recovery!,100125504,Vitals
268299,Dr. Lee was happy to work me in as a new patient on an emergency basis. In my opinion he is the best doctor I have ever had. Thank you Dr. Lee!,100058132,Vitals
984285,Dr. Grisso has been our family physician for the past three years.  We could not ask for more professional and friendly health care!  We feel that he is aggressively looking after our health care needs. We highly recommend Dr. Greg Grisso to all of our friends and are extremely pleased with his practice.,100225808,HG
4161203,"After being a patient of Dr. Mike for nearly 20 years and having him treat or guide me through treatment for everything from a sinus infection to liver disease I feel qualified to say I consider him to be the BEST family, primary care physician in Ventura County. I trust him and his staff and hope he will be my life long physician!",100952219,RateMD
2756750,"Dr. Newbern is an awsome doctor, however his nurse Shanon is rude, hatefull, mean, and not at all helpfull to the people who come there.",100630468,Vitals
3939856,ACL and Medial Meniscus repair. Dr. Graham was incredible from the first visit. Took the time to listen to me and the level of which I wanted to return. His manners and compassion towards his patients sets the bar high on the level in which doctors should act today. Grateful to have had him as my surgeon.,100905571,HG
4062666,Not very bed side friendly.  Leaves most of patients care to her employees.  SLOW to reply. Indifferent. Felt like i was hearded around like cattle.,100933045,HG
129407,"He explains the procedure very clearly. 
He takes the time needed; he allowed for questions and concerns.",100026522,HG
2732652,"Very friendly, caring, professional and knowledgeable. A+",100623484,Vitals
3946793,"I have been a patient of Dr. Florin's for eight years.  Dr. Florin is exceptionally easy to talk to, made me feel comfortable with my complex cardiac issue, and worked diligently to resolve my problem.  I never felt pushed to make a decision or, my numerous questions concerning my procedure, presented a problem to Dr. Florin.   My procedure went well and I (and my family) am/are happy with the results.",100906877,Vitals
4503017,"Very strange narcissistic doctor, that explains that he cannot accomplish a basic surgery and the loosely refers you out while collecting his salary. Another patient was in for tumor removal, and he said come back, I want to measure it, and the patient was left with his insurance expiring and unable to afford a come back to this grossly negligent doctor. He tries to talk patients out of life saving surgery while collecting his UCSD paycheck and not saving lives. Eastern European or Russian originality, trying to damage Americans by design.",101033421,Vitals
2169380,"I am very pleased with Dr. Popovitz. He is great and caring Surgeon. I felt very comfortable and secure in his hands throughout my surgery and recovery. I highly recommend him!
Alexis W.",100495038,HG
1256916,You are given a physical appt one year out. If you call 4 week's in advance because that day can't work you are literally not getting another appt for a year.  For people over 50 that's not an option...mammograms colonoscopies...preventative care...you are out of luck.,100286563,HG
742001,Dr. Yovino was extremely professional and attentive when I saw him about frown lines. He took the time to explain the process and discuss with me my options for treatment. We went with Xeomin for my frown lines between my eyebrows. I am extremely happy with the result and would highly recommend Dr. Yovino.,100165897,Yelp
91263,Dr Farmer has been my doctor since he came to COG and I can not say enough about him and Nicole. Anytime I call they are so accommodating. I could not be more pleased with the care he has given me.,100020572,HG
4693803,Dr Guerette took the time to listen to me when no one would.  Made me feel very comfortable.,101073764,HG
4031841,I was referred by my long-time dentist Dr. John Yakakian. Dr. Niemann was very nice and thankfully brief in the treatment. He took care of my rogue wisdom tooth and then called to see how I was doing. Thank you very much!,100924276,Yelp
2258069,He was the best,100515719,HG
491316,I had cataract surgery in both eyes.  Everything went well.,100110798,HG
2278645,"Stage 4 Pancreatic-Went into full remission,given hope by staff, Dr. Reza was very supportive during treatment.Dr,staff,and Anita and staff followed up on questions and info for entire time of treatment. Could not ask for better care.",100519356,Vitals
4828310,"From consultation to follow-up treatment, I have been very happy with the service and treatment I have received here. Everyone was very friendly and supportive, which is nice when you are going in to get your eyeballs lasered! Not an easy thing for anyone to willingly put themselves through. I went from feeling like I&#39;m underwater with a -6.25 prescription to 20/20 vision after just a day. The first 24 hours were the most painful  and uncomfortable but I already feel that the procedure is worth it. All the questions I have had have been answered thoroughly and professionally. They set you up with everything so you can leave right after the actual procedure, which is nice because all I wanted to do was get into bed, lie down and sleep. <br><br>You can tell people are pretty committed to what they are doing here, which is a nice bonus and I think impacts the quality of service you ultimately receive. I would highly recommend this place!",101102364,Yelp
2942559,we are new patients and kids were very happy with the doctor . office staff are very friendly and pleasant .,100674701,HG
1056263,"Don't expect any after care if you have a problem with a procedure he might perform, especially of done on a Friday. You're left on your own. Doesn't matter how much pain you're in. It's the weekend and no one available.",100241034,Yelp
4113965,The best of the best!  Very pleased with everything.      Very lucky to have discovered him.   Thank you for everything. AAA+,100941062,Vitals
1852715,Dr Mendelson is not only a sharp Doctor but the is a detective when it comes to figuring out what's wrong.,100425833,HG
1761708,We are very blessed to have Dr. Ali in our area.  He is amazing!  He really cares about his patients and is extremely knowledgeable in his area of expertise.  Can not say enough good things about him! When he was putting stints in my Mom he made it look like child's play.  He is truly gifted in his field. Now he is taking excellent care of my mother-in-law.,100403352,HG
541412,Do not see this doctor.  I had a uterine mass and had to have a hysterectomy.  She has a horrible bedside manner.  She is rude and mean.  I almost died of an overdose of medicine because I was in such excruciating pain.  She left a horrible hug scar that is a foot long.  I had to have plastic surgery to repair the scar.  I recommend everyone to stay away from her.  She is the horrible!,100122700,HG
2735352,"Sonoma Pain Creation would be a better name for this business. Their staff is completely unprofessional, non-responsive, and evasive.  They don't call back even after multiple voicemails, refuse to deal with the insurance company, and refuse to answer simple questions about insurance.  The entire burden will be on you to figure out referrals, authorizations, and procedure codes.  If you don't then you will either land up paying the full bill or get threatened with a collection agency.",100623882,HG
1292763,"Dr. Langer is very attentive, professional and caring. She listens and answers all questions and concerns. She is very thorough, and takes her time explaining. Dr. Langer delivered my daughter and I can honestly say it was a great experience and she was very encouraging throughout the whole process.",100292721,Vitals
663103,Extremely knowledgeable in the fields of Nephrology and Internal Medicine. Excellent bed side manner.,100148590,HG
923007,Dr. Coley is very impressive and knowledgeable.  His care for his patients is second-to-none.,100211326,RateMD
2434294,10 star!!! Simply the best!!!,100556712,HG
2302104,"I absolutely love my improved nose, it's beautiful, looks natural and even turned out even better than I had imagined!  Dr. Kane is clearly very talented along with compassionate and very kind, he takes time to listen you and truly cares about his patients overall and long term results.   Post surgery, Easter morning I bumped my nose and called Dr. Kane and he actually answered his phone right away, I couldn't ask for a better doctor.  I adore the staff the are all so wonderful and attentive!  My two year old loves going to the surgery center to see his girlfriends he actually asks to go see Dr. Kane on a regular basis when something breaks my son reassures me that Dr. Kane will fix it.  
At one point I thought something might be wrong and when I called the office they invited me to come in right away to be examined luckily there was nothing wrong and I was just being over cautious.  I should also mention that the Center for Cosmetic Surgery & MediSpa is somewhat alluring and beautifully decorated with Dr. Kane's art, certainly nothing short of fabulous and by far the nicest most comfortable office I have ever stepped foot in!",100527140,Vitals
1197786,Dr. Bryk is a fantastic doctor. Patient. Understanding. Kind. Gentle. Cautious. Intuitive. Brilliant. His staff is really pleasant and because of Dr. Bryk the whole experience was not scary at all. I highly recommend him.,100273959,Vitals
3293085,"My son played football and ice hockey, and had many injuries.  Dr. Wong operated on him any times and success was the result every time.  Many of his teammates had injuries also and were told by their doctors they would never play again and they would have to rest their injury for at least six months.  I referred them to Dr. Wong and he fixed their problems and had them playing again within weeks.  He was always available for advice and for treatment. Later my husband had his knee replaced by Dr. Wong.  I think he is probably the best orthopedic surgery in this area.",100755648,Vitals
852166,"I went to Dr. Volak for a routine colonoscopy over ten years ago. I called his office to schedule another one after ten years. The first problem was getting through to the person to set up the appointment. They only have one person who does that, and if she's on the phone, you can forget it. Eventually, after several calls, I was able to make an appointment for 1:15pm later, thinking it would be first after lunch. I arrived ten minutes early and checked in. At 1:30, another patient complained she'd been there 45 minutes and that was the first warning things would not go well. At about 2:00pm, I'm still sitting in the waiting room, so I asked the clerk if the wait was going to be much longer. She calls back and says she was told five minutes.  Ten or fifteen minutes later a guy calls my name and takes me back to a waiting room. At 2:30pm, I walk out and tell the staff I'm through waiting. If the Dr. can't see me in 1 hour and 15 minutes, I'm finding another doctor. And I did.",100195814,HG
4619211,"If I could give him 6 stars I would!!  The best & most skilled neurosurgeon you could ever want.  He fixed my very serious neck problems with a 2-level ACDF & I have no problems & great results.  Not only skilled & brilliant, but has a kind and caring bedside manner & really listens to you. Very happy with my whole experience with him, for this very serious surgery.  His PA Eric is also the most competent PA I have ever seen, extremely thorough and organized.  Ladies in office great too.",101055256,HG
574763,I am new to the UW medicine and was very skeptical of most doctors for my disability . He is a great doctor and has helped me throughout my care. He goes above and beyond my expectations for a doctor and feels like he actually cares about my health. He is quick to respond to my emails and when there are issues with my prescription for insurance he is always willing to go the extra mile to help me. I would highly recommend Dr. Berman to my family and friends and will continue to see him.,100129218,HG
256344,"She is friendly, professional, informative, and has a great sense of humor.",100054621,Vitals
2056023,"very good expweiences, i have always good experiences with Dr. Sunny. He listens and tries his best",100470823,Vitals
2553931,I wrote a whole story about Dr. Prasad But Dumb site took it somewhere--I am not writing it again--I will say I have trusted Dr. Prasad with my life many times & would again--I was at Cleveland Clinic for 30 years (nothing wrong just their internal doctor--But because of trust in Doctor Prasad I do not go to C.C. F. anymore-(for over 12 years )-I would & do trust Dr. Prasad with my life & he deserves the trust--I also Trust Butler Memorial Hospital (where Dr. treats ) with my life & have a couple of times--I am 74 years old -No-I already have a wife I love-so don't even ask--Doctor Prasad IS the best is all I can say--R.D.S.,100584105,Vitals
2315192,"Excellent experience with a knowledgeable and kind specialist.  Dr. Ogden took her time, listened to my questions and used her extensive knowledge of treatment and medicine to address my medical needs.  I have seen her twice this allergy season and each time she has given me expert advice!",100528964,Vitals
3116888,"During my first visit, Dr. Rehl diagnosed my sinus problems immediately after reviewing my cat scan and recommended to medically treat before the more evasive approach...surgery. I liked that he didn't want to jump right into surgery like my previous ENT doc. Dr. Rehl explained my ailments in laments terms, he has great bedside manner and took his time with me - I never felt rushed even though his office is very busy.I ended up having the surgery after an unsuccessful round of medication treatment and couldn't be more pleased with my results. I never had surgery before so I was extremely nervous but Dr. Rehl and his staff made every attempt to put me at ease. My surgery was a complete success! I have zero sinus pressure and I can breathe through my nose clearer than I ever have before. I feel completely cured and would recommend Dr. Rehl to anyone in need of an ENT. I wish I could have him as my primary doc too :)",100713502,Vitals
1906988,"Dr Aylesworth was fantastic for my 88yr old Mom, and possibly saved her from unnecessary surgery.  She went above and beyond your typical Dr. and took charge of the situation that was being lead by two other doctors.  Dr Aylesworth answered all questions, was truthful, and really cared about my Mom's treatment and follow up.   I highly recommend her for your oncologist, or even a second opinion.  She is truly a blessing.",100438893,HG
2177411,Dr. Baez was wonderful! Very patient and took her her time to listen to me and give me the best plan of action for treatment,100496418,HG
3589608,Dr. Goodman has been my doctor for 5 years now. He has controlled my pain and tried a lot of non-invasive therapies. I'm sure he could help a lot more if work comp approved hus recommendations. He has been a wonderful doctor and very easy to talk to. When I've had problems he was always quick to help me and he's very sympathetic to my pain. The staff is helpful and so polite to me they are like a family. They schedule appointments to best serve my time and busy life with kids. This is a wonderful doctor to go to. I've seen that a lot of people have negative comments and I'm so sorry for your bad experience with them. I hope you find a doctor that better suits your needs. Thank you.,100821513,RateMD
1806049,Dr. Levinson is a very caring and capable doctor.,100414325,Vitals
3527336,Dr. Brownlee was excellent! He carefully explained each of his findings and recommendations. He also answered my questions in terms that I easily understood. He also showed me the Xrays and and explained what we were looking at. Another great doctor at Confluence!,100808057,Vitals
2145847,Dr. Crumpton is an excellent physician!,100491340,HG
2518703,"All I have to say is that unless I followed up with them I would never of known about my MRI being approved by my healthcare provider. I called four days after my MRI because nobody followed up with me and to my surprise I was told that I needed to make an appointment so that the doctor could review my results with me , they never would have called unless I initiated the call. I hung up and I am going seek another doctor.",100577961,Vitals
156536,"Excellent experience, very knowledgeable. Works quickly & efficiently to achieve comfort with my bilateral knee pain. Gave me a short term & long term plan of care to achieve a resolution to my problem.",100034297,HG
3126466,"As a 26 year old Asian female I have been very happy with my body except my flat chest. Dr.Lo, Gina and Meldrid and the rest of the staff worked wonders to help me embrace my feminene side!",100715753,RateMD
4906466,Rude and does not listen.  There is a reason she has room in her schedule for you - few repeat patients,101123221,HG
3220332,"Dr. Capone is wonderful, a perfectionist.  He is very kind and caring. His staff is courteous and attentive.  We are very happy and he and his staff are highly recommended, thank you!",100736871,Vitals
269892,"From the receptionist to the nurses to the doctor, everything was great and everyone was nice! I had a procedure that is very uncomfortable and they all made me feel as comfortable as possible!",100058422,Vitals
1732237,I have been taking my kids to him for almost 15 years. We all love him & the staff!!! :-),100395785,HG
4088865,"Dr. Abboud, along with everyone that I dealt with were awesome! My only issue was getting an appointment in a timely manner. I believe it took me several weeks to get an appointment which wouldn't have been a problem if I didn't have an issue that was concerning to me! I did call a second time to see if there were any cancellations and was able to get an earlier appointment by 1 week!",100936937,HG
3414722,"I respect Dr. liporace's title of surgeon but his office has alot to be desired..It's unfortunate once surgery is done, you receive no phone calls for followup appts.. there is little or no concern for one's overall health..Once the check is cleared who cares!!!!!!",100782717,Vitals
4185149,"Indeed this is the surgeon for hip replacement.  His skill, his attention, his sincere care for you is most appreciated.  He takes time to talk through questions, concerns and advice.  His respect for the patient is clearly a genuine commitment and an added bonus to his competence.",100959195,HG
1542764,I recently had Breast lift and liposuction by Dr Palmer Ian so very happy with my results I feel and look awsome!!!! The staff is so wonderful there and explain everything and answer and concerns you may have,100354300,HG
4648863,"Dr. Cubbage and his colleague, Dr. Moore, recently completed a very successful 3-spot laminectomy on me.  I've been dealing with spinal stenosis for years and it had been getting progressively worse.  When it reached the point where I couldn't stand it anymore and I was contemplating surgery, a friend recommended that I get a second opinion from Dr. Cubbage.  He was ""out of network"" for me, but I made an appointment.  Once meeting with him and benefiting from the clear and thoughtful explanation of my diagnosis and the recommended treatment, I had a huge amount of confidence in him.  I am recovering very well and I am definitely glad that I had the surgery.  Dr. Cubbage's nursing staff is also THE best ever.  The follow up care and patient explanation of treatments and issues is incredible.  I am very very thankful!",101063229,Vitals
4669790,"I can't say for sure but my last visit made me think I could file a complaint against this doctor (?) for unethical behavior/abuse of physician position...I was basically berated and blackmailed into having lab work done to get 1 refill on a prescription...If I complete the lab work and make another appointment he might fill the scrip for a year..So this amounts to pay me for 2 visits  and pay the lab, then I may bestow upon you a scrip...",101066660,Vitals
3742247,"I had my lips plumped,the first time for any cosmetic procedure and Dr Germain and her assistant put me totally at ease,explained every thing and I love the results! Would definitely go back for other things.Dr Germaine has an eye for making you look natural and not over done'",100856377,HG
1762174,"Dr. Tien Nguyen literally gave me my life back twice. In 2011 he surgical repaied my neck and in 2015 my lower spine. After both surgical fusions, I was able to function at a much high standard of living.",100403432,HG
4081740,"Dr. Schmuel is amazing!!! Our identical twin girls required us having many appointments with Dr. Schmuel and we could not have been in better hands. This doctor answered all of our questions, was extremely patient with us and treated us like family. On our last visit before our girls were delivered, we were sad to say good bye. I have endless thanks and am forever grateful to have met Dr. Schmuel.",100935987,Yelp
1327377,"This review is no reflection on Dr. Hill or the rest of his staff. It is solely based on the front desk secretary Francis.  This woman is so rude, I can not believe Dr. Hill has her up front to assist others. When you call on the phone, she initially appears helpful but ask her one too many questions and she changes her attitude. If you do not understand something she says to you, her responses are condescending. 
The worst thing I have seen is her refusal to help the older patients with their new electronic system which is now done on an IPAD. Not everyone is comfortable with using tablets or electronic devices. It is her job to assist them and she will not do that. She ""tells"" them what to do. Maybe she should get up and show them or actually sit with them to ensure it gets done since it is an important part of the doctors visit. Someone as cruel and ignorant as her should not be the first person the patients come across when they arrive to the office. These patients are often in pain and anxious and her unnecessary attitude only adds to their discomfort. It is a shame this is the person who Dr. Hill has chosen to put up front. She is a poor reflection on his business and has lost a patient as a result.",100301856,Vitals
1672560,"I'll admit I was hesitant to take my child in to see a psychiatrist when I first went to his office. Dr. uddin kind of sensed that. However, he took genuine interest in trying to explain the complexcities of treatment options with me. Although at first I was hesitant, I think it was the greatest thing I had done for my child. And Dr. Uddin was very calming while going through the process, for that I am grateful. It's important to have someone who listens and does not just blabber on like some of my encounters with docs.",100382120,Vitals
150339,"I have visited Dr. Dave, many times in the last several years for my prostate-related problems. He is an excellent physician, urologist and had has great manners, compassionate personality.
I have been equally impressed with the entire staff with his office. Nurses are very nice and compassionate to the patients, the front office staff is efficient and always helpful. Overall, Five Star service and care provided! Thank you all!",100030544,Vitals
3749138,I have been with Dr. Larson-Ohlsen for almost 10 years between her current patrice and the previous practice. She is amazing and easy to talk to. She is very knowledgeable and she has a great staff backing her up. I would recommend her to anyone looking for a good OB.,100857461,HG
1604538,"One day I noticed a birthmark on my leg which looked more like a dysplastic (irregular shape and colors) than regular mole. I knew that with this kind of birthmarks we must be very careful and we should run to doctor ASAP. So I went to NFDERM to look for a help. Dr Jonathan Kantor obviously didn't have any idea about possible melanoma procedures and he cut my mole just from the surface to send it to laboratory. Later I've found out from different dr that should never be done! Every mole looking like mine should be cut with the healthy skin margin to prevent bad cells spreading through the blood cells. Jonathan Kantor didn't know that!! and 2 weeks later he called me for another cut because the mole happened to be dysplastic. he made the surgery on my skin and left me with 12 stitches scar and sent my skin to laboratory again. I didn't have insurance and all that was very costly for me (around 1000$). Beside that I never was paid too big attention to. I asked him many questions but got no answers, felt very ignored. I was very scared but dr never tried to calm me down. After all that bad experience I've found another dermatologist. Much more professional, when I've got another irreguar mole he cut it with the margin and left me with 5 stitches. I paid around 300$ without the necessity of another surgery. I wish I could be warned before I made my choice about the doctor. Now I'm warning all of you who read that. Jonathan Kantor is realy not worth to be your specialist!",100367348,Vitals
4567527,"My husband is diabetic and suffers from diabetic neuropathy, and has dealt with severe leg pain for quite a while.  He tried everything, and seamed to get no where with every physician he saw.  Just when we thougt he would be on too many pain meds, and still be in pain forever, we were referred to Dr. Prok.  He recommended that my husband get a spinal neurostimulator, and we did.  He is now almost pain free and living a much happier, healthier life.  Dr. Prok, along with all of his staff, is very patient, kind, knowledgable, and genuinly cares about his patients.  He answered all of our questions while still keeping a sense of humor.  Overall...If you need to find a GREAT doctor, call Dr. Prok!",101046993,Vitals
1115721,"As a licensed Texas paramedic of 38 years, I've benefited from Dr. Conrad Speece's wealth of knowledge for 30 years. 
(TIP: if urgent need, use standby list-or sit in office lobby and cry like I did. It normally takes a few weeks to get appointments.)  Skilled daughters practice in same offices.
I avoided knee surgeries because of his treatments. His skilled hands are on you the entire 45 minutes - I can barely tell hands are moving. I'd get his 2nd opinion prior to almost any kind of surgery.",100253624,HG
1681034,The doctor was easy to talk to and answered my concerns. I've had several dermatologists in the past and I feel very comfortable with Dr. Slutsky.,100383632,HG
3491436,She is friendly and patient oriented,100799058,Vitals
1200833,"I have been a patient of Dr. Adade for several years and have always received excellent care.  She has recently left the group, and I am trying to locate her.  Even if it means traveling farther, I would be willing to do so to be cared for by such a competent, caring physician.",100274460,Vitals
4327701,"My 14 year old son was seen by Dr. Fazekas who diagnosed him with eczema.  He was in her office for 15 minutes and the bill was for over $1100.  She charged her fee, a fee for the biopsy and then a facility fee of $600.  Dr. Fazekas works in free standing facility that is part of Cleveland Clinic.  Cleveland Clinic can bill as a hospital in any of its facilities.  My son had his skin scraped which is considered a procedure and there for Cleveland Clinic and Dr. Fazekas are allowed to bill a $600 facility fee.  BEWARE!",100989796,Vitals
1412812,Never going back to this place again. sorry I lied about the 1 star thing. I couldn't give 0 stars,100324063,Vitals
3917040,"Dr Rose was able to not only diagnosis and treat our family, but get my husband to be compliant with his healthcare!  He talks to his patients on their level, listens to their concerns and provides insight into their lifestyles, futures, etc.  The wait might be a little long, but it is worth it because you know that when it is your turn you will not just be another number..in & out.",100896791,Vitals
689531,"This doctor is very quick to order expensive tests and then does not follow through with results.  Poor to no communication from him, his staff or office not even through electronic charting. Very disappointed in the medical care I received from this doctor.",100152998,HG
93982,This doctor is well known and established in our medical community. She is very trusted and  liked- Was even on the morning news show last week-,100020948,Vitals
1311970,"Very busy, and sometimes doesn't spend enough time, but if you ask questions, he will spend time.",100299256,Vitals
1408743,"Dr. Boylan is a great doctor.  He's organized, prompt and knows how to put into words what is wrong with his patients, and helps them heal.  He worked in Tyler and many people miss him!",100323492,Vitals
565058,"He was quick to diagnosis that I needed a shoulder joint replacement. After surgery, which did not have a good outcome, he was no longer attentive to my concerns/complaints. The last time I saw him was the day that he told me he was not concerned about my continuous pain issues. Other doctors in the area will not touch me because of him being a local colleague of theirs. I would not recommend him to anyone. There are others in his practice that I would recommend, but not him.",100126832,RateMD
2459203,I have been a patient of Dr. Leatherwoods for many years.  There is not a Doctor out there that could ever compare to him.  I have always received excellent care and guidance. The most amazing thing about him is he ALWAYS makes his patients feel as though we are the only patient he has.. Never rushed...  Always thorough...  I just cannot say enough good things about him.,100565089,RateMD
4830336,He tends to think he is the best. Office needs to be arranged better . I didn't like that the embryos were not directly next to transfer room. They need to care more about how embryos are moved around . Embryo room and transfer room need to be arranged better .,101102754,Vitals
408926,Incorrect diagnoses.This fraud needs to go back to school,100090196,Vitals
61816,Love Dr Marshall & staff!! From the moment you walk into the office you are pleasantly greeted by the receptionist. Dr Marshall really listens & takes care of your specific needs or concerns. Traci & the lab lady are so sweet with amazing personalities. They make you feel like family. A+++,100013280,HG
4771112,"I have been a patient at this office for 12 years!! I have 4 boys ages 12 to 2 which all were delivered by Dr Lynch except my first, with  Dr Nelson!  This staff has been very informative and family like environment! The doctors are the best and I am so happy to have them be apart of my pregnancies!! The knowledge and comfort they give is exceptional! Thanks!!!",101089457,Yelp
815643,I always feel very welcome and Ellie and Dr. Baird are so helpful. My health is improving very well. So glad I found him>,100186151,Vitals
1243172,"She was thorough
Made me feel comfortable during what is an ""uncomfortable"" procedure of shock to nerves
Pleasant & Good bedside manner
Would have no problem recommending",100281512,Vitals
4842847,He was very nice and explained everything.  Schedule for surgery Feb 5th for removal of a cyst on my wrist.  I rate his A+,101108430,HG
1929736,"I love Dr Bhatt! She is very concerned doctor, she is very patient and never rushes. I would leave my live in her hands any day",100443086,HG
2382834,"I came to Dr. Warren with the concern of my puffy eyes and aging jaw line,<br>Dr. Warren advised me that I&#39;m not a candidate yet for a face lift. He assured me that Thermage will work perfectly for me.  I asked him for pictures, but he told me he is bad making pictures. It should have been alert for me, but I usually trust &amp; respect doctors.<br>He assured me I will get the same result as I do a mini ( short scurf)  surgery, with no risk and zero down time.<br>it cost me $1800.00 <br><br>I have NO result at all, other than my cheeks got puffy and uneven.<br>Waiting for 3 month to take the Thermage an effect; I went to Dr. Warren for a  checkup.<br>Dr. Warren told me that unfortunately Thermage did NOT worked on me, and now I&#39;m a candidate for a mini (short scurf) lift surgery.<br>Due to his misdiagnosis, he is willing to give me a good discount toward to my facelift surgery. I have all the papers.<br>My husband told &#39;why would I perform another procedure (correction) with the same doctor who failed to correct my problem at the first time, just because his is giving you a discount?&#39;<br>Luckily I found a perfectionist, an excellent PS. Feel free to PM me if you need his name.<br>I had an appointment with Dr. Warren. I did explain him my concerns  and asked for money back.<br>Dr. Warren suddenly transformed from a very nice and caring person to an angry and extremely mean.<br>Here are his exact statements:<br>&#39;YOU ARE NOT GOING TO GET YOUR MONEY BECUASE YOU HAVE SIGNED IN THE DISCLAIMAER&#39;<br>&#39;I DONT WANT TO SEE YOU ANYMORE, I AM TIERED OF YOU, YOUR FACE AND TO LOOK AT YOUR PICTURES&#39;<br>&#39;IT&#39;S .... UP&#39;<br><br>It&#39;s very unprofessional to talk to a patient like this. Yes I want my money back for no result procedure, and yes I choose a better doctor, but this is not a reason to become rude and angry.<br><br>I highly not recommend Dr. Warrant, I had a bad experience and been insulted by Dr. Warren.<br>If you need additional info, pictures,  etc, please PM me.",100543997,Yelp
1389175,"In July 2019, I had chest masculinization surgery (double incision) with Dr. Dadvand, and I am beyond happy with the results. About 6 months on, the scars are still fairly thin and are beginning to fade. My chest is pretty symmetrical, and having this procedure done with Dr. Dadvand was worth every penny. It is clear that he really cares about his patients, and he answered every question I had about the procedure. Highly recommend.",100316043,Yelp
2002646,"I recently moved to Florida, so finding new doctors can be stressful.  I'm very happy with Dr. Braver and her office staff.",100462118,HG
905798,"while I was telling him my concerns , he picks up his phone and starts talking to someone. at another point in our discussion of my treatment, he just walked out the door without excusing himself! The students that were observing, were embarrassed. I wouldn't feel comfortable with him preforming surgery on me, he might leave the room to answer his phone!!!",100208838,Vitals
4158232,"He ships people out of the ER without a diagnosis.  Took my elderly dad with short of breath, not able to stand.  Dr. Dawdy decided my dad was dehydrated.  Gave him 1 bag of fluids and said my dads blood work wasn't  horrible.  We requested another bag of fluids and chest X-ray.  Answer was no!  Took my dad to his primary dr the next day, got a chest X-ray and found lung cancer.",100951683,Vitals
4107685,Strange person... constantly looks away and stares at painting on wall above patient. Hired gun for clients. Will write whatever the person paying the bill wants to hear. Avoid at all costs! Staff also not helpful. Shares husband's dermatology office just one day per week if that. So staff doesn't know squat!Will record and video tape interview! Will force you to sign documents that could have easily been provided in advance to your attorney. Make sure you ask for them in advance of the appointment. Will also demand blood and urine samples in nearby quest lab (walking distance).Knowledgable but not friendly!,100940024,Vitals
514071,"Worst Dr. EVER! 
It seems like he is scared of catching whatever you may have. He does not check you like a regular dr. He does not follow up. He tries to get you out of the room as soon as possible and he misdiagnoses which is to expect as he doesn't examine you. 
He will send you home with no answers. Obviously changed doctor.",100116153,Vitals
795625,"She is great. I've had nothing but positive experiences in her office, and I feel like my health is in good hands with her. Her office staff is always smiling and takes the time to answer any questions I have.",100183062,Vitals
328547,"I arrive 10 mins late & my appt gets cancelled.   Always arrived in plenty of time.  But when the Dr. is running 2 hrs behind, we don't get our appts cancelled or refunded.  Dr. Fletcher is super nice, as well as Dr. Hansen.  They rush room to room when doing proceedures, leaving no time for medication chat, update on how treatment has been making you feel (better or worse) & they have a huge employee turn over.  Seems every time I am there, none of the original staff remains & this is a monthly visit.  After 1 very hard treatment, no one phoned to ask how I was.  You'd think drilling 6 holes in your skull & using cryoablation to try to deaden nerve ending, they would at least call to check on you.  Have called as many as 4 x's a day with an issue & nurses MAY get back to you in 3-4 days, IF they like you.  I've been yelled at by staff, stating that ""Where am I getting the Morphine from?""  Then more urine tests come up with + for Fentanyl & am warned, 1 more dirty test, I'm discharged as a patient.  In talking with the Nurse Manager, was told their machine was dirty & it was their fault ""having a lot of positive Fentanyl screenings & 50% of patients that day were positive. ""  I get yelled  at (by another former employee, Dr. Fletcher & a proceedure Nurse stating I am taking Morphine!  What they didn't take time to notice on my chart, I was given Butabutal with has more Codeine  & a Barbituate as the components.   Guess what guys, if you know your stuff, Codeine is a  weaker strength of Morphine - wa la there is the answer.  I do not like being falsely accused of anything.  So when this was happening I did my research, the answer was in my face immediately that Codeine is in the culprit showing positive for Morphine.  Last fall, like every other fall, I get bronchitis.  Took my Cheratussin AC to prove again that I wasn't doing Morphine.  There is more Codeine in Cheratussin than in a Tylenol 3.   This time I demanded an apology while face down in the procedure table.  When I showed them proof, they were stunned, I was still hurt & getting quite angry,  from accusations.  Each one of them was told by me that they owed me a sincere apology for all the crap.  All 4 people in the room apologized.  
Before judging me, there are a few things you need to know.  I am by no means a drug addict.  I was in a horrible accident which led to me suffered 10 yrs later.  Never even asked for Migraine Meds, just took some Tylenol & Sudafed, thinking it was another sinus headache.",100071879,Vitals
3612465,"Dr. Sahinchi is professional and knowledgeable, with expertise and a friendly manner.",100825028,Vitals
4305276,"In January of 2018, I went to Dr Haroun to obtain a second opinion. I had been advised to have  lumbar spinal fusion surgery as I had been in continuous acute pain since early November of 2017. Dr Haroun and his staff conducted a through evaluation and concluded that I was a canedidate for a much less invasive procedure called Lumbar Disc Microsurgery. I was able to go into their Video Library and see exactly what that intailed. In February the deed was done and I have been pain free ever since.",100985755,HG
1174589,"Awesome doctor and assistant. Traveled from out of town, well worth the distance. 100% referral rating!!",100266469,Vitals
886929,"Dr. Powers has recently performed carpal tunnel surgery on my hand. My recovery is going really good. He is an excellent surgeon, placing great emphasis on patient care and thorough communication . I highly recommend him!",100202092,Vitals
2852562,We have had the unfortunate experience of having our daughter evaluated twice by Dr. Langan during recent hospital admissions for severe headache (not migraine). Treatment was offered that was previously unsuccessful (this was explained to him). He also told my daughter there was no way she was experiencing the level of pain she said she was experiencing.  He did not assess the numerous medicines and interventions she has tried (and failed) nor was he willing to explore other options for pain.,100653947,HG
